cps,cps_name,cost_component,unit,value,mean,sd,min,p05,p50,p95,max,citations,notes
340,Cover Crops,seed,USD/ha,,,,35,40,52,72,85,https://ohioline.osu.edu/factsheet/anr-0114 | https://agcrops.osu.edu/sites/agcrops/files/ofr_reports/Cereal-Rye-Cover-Crop-on-No-till-Soybeans.pdf | https://www.nrcs.usda.gov/sites/default/files/2024-11/fy25-oh-scenarios.pdf,Cereal rye representative. Seeding-rate guidance is 40-90 lb/ac; seed-cost range is anchored to Ohio rye economics and checked against the NRCS Ohio basic cover-crop scenario.
340,Cover Crops,establishment,USD/ha,,,,12,25,48,80,100,https://farmoffice.osu.edu/sites/aglaw/files/site-library/farmmgtpdf/Ohio%20Farm%20Custom%20Rate_Nov%202024.pdf | https://www.nrcs.usda.gov/sites/default/files/2024-11/fy25-oh-scenarios.pdf,Fall establishment by drill/broadcast. Median is near the Ohio grain-drill custom rate after conversion to USD/ha; wide bounds cover lower-cost broadcast and higher-cost custom establishment.
340,Cover Crops,termination,USD/ha,,,,20,30,55,90,120,https://farmoffice.osu.edu/sites/aglaw/files/site-library/farmmgtpdf/Ohio%20Farm%20Custom%20Rate_Nov%202024.pdf | https://agcrops.osu.edu/sites/agcrops/files/ofr_reports/Cereal-Rye-Cover-Crop-on-No-till-Soybeans.pdf | https://ohioline.osu.edu/factsheet/anr-0114 | https://www.nrcs.usda.gov/sites/default/files/2024-11/fy25-oh-scenarios.pdf,"Spring termination/preparation attributable to rye, including application and chemical/mechanical termination. Does not include routine cash-crop field work that would occur without the cover crop."
329,Residue Management (No-Till),planting_equipment_adjustment,USD/ha,,,,20,25,40,70,90,https://www.nrcs.usda.gov/sites/default/files/2024-11/fy25-oh-scenarios.pdf | https://farmoffice.osu.edu/sites/aglaw/files/site-library/farmmgtpdf/Ohio%20Farm%20Custom%20Rate_Nov%202024.pdf,Incremental machinery/planting adjustment for conversion to no-till or strip-till. Component values are calibrated so combined median cost is close to the FY2025 Ohio NRCS basic no-till scenario.
329,Residue Management (No-Till),management_transition,USD/ha,,,,5,8,17,35,50,https://www.nrcs.usda.gov/sites/default/files/2024-11/fy25-oh-scenarios.pdf,"Management, learning, setup, and residue-management transition cost. A separate herbicide component is intentionally omitted: the Ohio NRCS herbicide scenario states that cover-crop burndown should be handled under CPS 340 when a cover crop is present."
590,Nutrient Management,soil_testing_analysis,USD/ha,,,,2,3,8,20,30,https://u.osu.edu/hardinanr/sampling/soil-sampling/ | https://www.nrcs.usda.gov/sites/default/files/2024-11/fy25-oh-scenarios.pdf,Incremental soil sampling/testing and analytical cost allocated over treated hectares; range accommodates sampling density and testing frequency.
590,Nutrient Management,planning_recordkeeping,USD/ha,,,,15,20,30,50,70,https://www.nrcs.usda.gov/sites/default/files/2024-11/fy25-oh-scenarios.pdf,Development/implementation of the nutrient-management system plus recordkeeping. Component allocation is calibrated to the Ohio NRCS non-organic nutrient-management scenario.
590,Nutrient Management,application_management,USD/ha,,,,10,15,40,75,100,https://farmoffice.osu.edu/sites/aglaw/files/site-library/farmmgtpdf/Ohio%20Farm%20Custom%20Rate_Nov%202024.pdf | https://www.nrcs.usda.gov/sites/default/files/2024-11/fy25-oh-scenarios.pdf,Incremental rate/timing/placement and variable-rate or other application-management cost. Median plus other components approximates the FY2025 Ohio NRCS non-organic CPS 590 cost.
412,Grassed Waterway,earthwork_grading,USD/ha,,,,5000,6000,8000,14000,18000,https://www.nrcs.usda.gov/sites/default/files/2024-11/fy25-oh-scenarios.pdf,Shaping/grading and associated construction. Median total with vegetation aligns with common FY2025 Ohio NRCS grassed-waterway scenarios; upper tail accommodates wider/deeper waterways or checks.
412,Grassed Waterway,vegetation_establishment,USD/ha,,,,800,1000,1800,3500,4500,https://www.nrcs.usda.gov/sites/default/files/2024-11/fy25-oh-scenarios.pdf | https://farmoffice.osu.edu/sites/aglaw/files/site-library/farmmgtpdf/Ohio%20Farm%20Custom%20Rate_Nov%202024.pdf,"Seedbed preparation, seed, fertilizer, and establishment operations for waterway vegetation. Separate drainage tile, inlet/outlet structures, and erosion-control blanket practices are not included."
656,Constructed Wetland,earthwork,USD/ha,,,,12000,14000,16400,24000,30000,https://www.nrcs.usda.gov/sites/default/files/2024-11/fy25-oh-scenarios.pdf,Earthwork for the treatment pool. Median is approximately the FY2025 Ohio NRCS constructed-wetland earthwork-only scenario converted from USD/ac to USD/ha.
656,Constructed Wetland,wetland_vegetation,USD/ha,,,,6000,8000,12500,21000,26000,https://www.nrcs.usda.gov/sites/default/files/2024-11/fy25-oh-scenarios.pdf,"Native/hydrophytic vegetation establishment. Median approximates the added cost of Ohio NRCS light planting above earthwork-only; upper tail approaches the dense-planting increment. Separate water-control structures, dikes, and sediment basins are excluded."
