scenario,cps,pid,impacted_pids,efficiency_json,linear_length_m,buffer_area_ha,portion_treated,wetland_area_ha,catchment_to_wetland_ratio,cost_usd,treated_TN,removed_TN,treated_TP,removed_TP
2,329,1737,,"{""TN"":0.0661919695056486,""TP"":0.4619256094227034}",,,,,,1066.219024387659,490.62764044479997,32.47560981495052,36.29208825864267,16.764244986096053
2,329,1205,,"{""TN"":0.15950838747154075,""TP"":0.30475274637080585}",,,,,,143.0756678251594,228.03543301132797,36.37356420601148,24.227326597597425,7.383344317840287
2,340,2342,,"{""TN"":0.4998282050628905,""TP"":0.27684957750603256}",,,,,,397.8255493949842,576.5656201155665,288.183759003336,131.8012988604403,36.48913390425923
2,329,1508,,"{""TN"":0.47182593387574023,""TP"":0.3532826028691309}",,,,,,1179.8232620081815,1253.8635585648858,591.6053444726361,160.50359594612692,56.703128145703005
2,656,1153,,"{""TN"":0.3004304509764565,""TP"":0.20835784543474456}",,,,1.4889296163241692,4.497864526951928,26259.60462454703,796.3031810630168,239.23372380074903,5.789859284468466,1.2063626058822015
2,329,2274,,"{""TN"":0.24939883407908636,""TP"":0.19320694845295416}",,,,,,759.6043472139258,385.81480227553976,96.22176185797285,17.89666899709156,3.457760804400652
2,590,1113,,"{""TN"":0.14811342834644,""TP"":0.31557502782857927}",,,,,,2060.125492111979,1918.529051753674,284.1599152374813,276.28421184947797,87.1883978429961
2,329,2062,,"{""TN"":0.32380340177046374,""TP"":0.1120954443829921}",,,,,,147.6528319032599,304.5074417882088,98.60054551544347,26.761367481795283,2.9998273801683966
2,590,2122,,"{""TN"":0.056879281674679254,""TP"":0.4686770083219842}",,,,,,544.3752436925515,226.3607622900085,12.875237558388507,20.421926972863687,9.571287637811789
2,590,2428,,"{""TN"":0.4403921166852274,""TP"":0.4000253798702412}",,,,,,3689.994049680048,282.64006037638194,124.47245444919531,74.19942971353579,29.68165505731242
2,340,1687,,"{""TN"":0.16686893921989626,""TP"":0.3511275491714487}",,,,,,1568.3296473926353,1782.3444041243342,297.41792004074574,35.170871758507744,12.349462002788146
2,340,2493,,"{""TN"":0.4255848429077662,""TP"":0.19511718345157636}",,,,,,461.89950224721116,183.2841125947797,78.00294026613867,7.501320500795543,1.4636365282827946
2,329,2570,,"{""TN"":0.31796272455074215,""TP"":0.11801528102280555}",,,,,,380.8691478885649,234.53253184554734,74.57260282139393,22.76075144921718,2.6861164785695943
2,340,2199,,"{""TN"":0.05724222874120696,""TP"":0.17936157553394738}",,,,,,1078.7004181946418,3512.697973608527,201.07466090407348,58.12281746250547,10.42500011454701
2,340,2195,,"{""TN"":0.4662156755279163,""TP"":0.4830853766461335}",,,,,,459.488897019993,181.77492933387663,84.74632147343254,4.998470947522689,2.414688220338754
2,340,1608,,"{""TN"":0.3843550488998215,""TP"":0.3209572287248086}",,,,,,2265.5540068686237,843.2072667098956,324.0909702289668,68.87800961483347,22.106895086057673
2,340,1012,,"{""TN"":0.4990317973033678,""TP"":0.4029581836633253}",,,,,,240.3941743657058,210.95803220540705,105.27476596704602,27.29365354868538,10.998201059514335
2,340,1946,,"{""TN"":0.2346854347301483,""TP"":0.15885147230048854}",,,,,,579.511815561418,394.7239076000445,92.63595185349934,6.613406360976384,1.0505493373625148
2,340,656,,"{""TN"":0.18640059915684537,""TP"":0.12444351064333269}",,,,,,2124.777728009574,896.0071476078731,167.01626916292352,99.59902430835528,12.394452241582362
2,329,1548,,"{""TN"":0.3062873904096908,""TP"":0.12259678193135702}",,,,,,220.32925231034977,2276.12293292367,697.1477533768425,8.271218348087409,1.014024752127111
2,590,2233,,"{""TN"":0.48733371183996294,""TP"":0.47582693434171264}",,,,,,780.9757964925452,1477.1232959959086,719.8519786829664,36.53875466752912,17.386123618114325
2,329,2398,,"{""TN"":0.37240138383502575,""TP"":0.4732007253540307}",,,,,,556.3714108856531,533.9331153656374,198.83743103750982,174.4289181657842,82.53989059876795
2,329,1115,,"{""TN"":0.13746282625619677,""TP"":0.16011905729414827}",,,,,,76.19980230386884,40.584438921567816,5.578851676180706,0.5436988221779363,0.08705654285906991
2,340,1881,,"{""TN"":0.32692107714965013,""TP"":0.16381863981199762}",,,,,,1230.8588427019595,277.9356822666742,90.86303262494404,36.67656585211032,6.008305130867872
2,329,993,,"{""TN"":0.33788233705552684,""TP"":0.3386783903722994}",,,,,,1055.7520953229673,2704.284094287688,913.7298298400127,74.27210196276062,25.154355942315064
2,329,1049,,"{""TN"":0.1216134894341248,""TP"":0.1932285261259597}",,,,,,410.7798648808204,161.52680584850975,19.64383849638567,62.11702867148206,12.00278189751446
2,590,1841,,"{""TN"":0.14143059096193727,""TP"":0.4071715487869758}",,,,,,97.06041779021717,70.89116662067146,10.026179589142727,0.9158802447060388,0.3729203777403522
2,590,1480,,"{""TN"":0.3338897631618143,""TP"":0.4177218013263978}",,,,,,1951.1232842986053,257.09316994808495,85.84077762448615,30.562957696810404,12.766813742974136
2,656,741,,"{""TN"":0.4621990593242436,""TP"":0.17905238637148696}",,,,1.4384466929674864,13.630253542351115,36082.825273584756,265.80627495839036,122.85541024824927,265.96087905095675,47.62093007553222
2,590,2550,,"{""TN"":0.16902297098137886,""TP"":0.06696094990589938}",,,,,,1787.5138623343414,1364.0497297575537,230.55573788996867,79.62186856134454,5.331555952150296
2,340,1010,,"{""TN"":0.08175600391673166,""TP"":0.09591106509682876}",,,,,,429.0255087127647,117.87244992077662,9.63678047739777,31.197187536497278,2.992155484650965
2,329,2021,,"{""TN"":0.18108143905855362,""TP"":0.2590288009898708}",,,,,,334.3778406222752,344.56229245863494,62.393835763723835,9.213439407601898,2.386546162743945
2,329,2029,,"{""TN"":0.3462992801646908,""TP"":0.33157551267115254}",,,,,,775.7842523988842,819.6213017703224,283.83426681070944,36.578150528829646,12.12841901415928
2,329,1331,,"{""TN"":0.18844743993468405,""TP"":0.1684875491140994}",,,,,,113.44425952556037,115.30844886652159,21.729581991735415,3.45138192197207,0.5815148810897839
2,329,953,,"{""TN"":0.24762764299069157,""TP"":0.19996252916090418}",,,,,,242.66436454630602,67.60364811259574,16.740532039694198,16.8862557760582,3.3766184130385244
2,329,912,,"{""TN"":0.3241555790678554,""TP"":0.14986762530663636}",,,,,,69.19775373170444,757.19813347662,245.44999942621303,36.019146393014736,5.398103935493215
2,329,227,,"{""TN"":0.10654865128171119,""TP"":0.19838672338376984}",,,,,,672.8133717387411,647.5249814300063,68.99291344258225,23.384753536379197,4.639224631219293
2,329,2503,,"{""TN"":0.05931221679002982,""TP"":0.16421915548545335}",,,,,,563.3341813035471,220.23290865739452,13.06250202258622,1.5108444815565654,0.24810960483107677
2,590,699,,"{""TN"":0.21740642513818265,""TP"":0.07773430754666175}",,,,,,5217.234017657482,7759.732986210568,1687.0158085588744,118.65497414467917,9.223562252103688
2,656,2430,,"{""TN"":0.4178095355404121,""TP"":0.1462030053955764}",,,,0.12088916747293776,29.262604330170756,1534.1374214525651,119.81449688704929,50.05963929538622,1.1201250865723424,0.16376565407585666
2,590,1870,,"{""TN"":0.18175948303442213,""TP"":0.19875092631000102}",,,,,,490.42816916148496,445.46061308921884,80.96669074729316,40.11628469105333,7.973148742462563
2,340,1082,,"{""TN"":0.4151515373761032,""TP"":0.05700037676426012}",,,,,,1281.7347207720172,750.4524824186885,311.5515018038316,41.73197024091621,2.378738026847115
2,329,733,,"{""TN"":0.13446753202992728,""TP"":0.17002120040807134}",,,,,,502.65627890257815,862.1786919360243,115.93504087342815,19.30519819039812,3.2822929704472146
2,590,1719,,"{""TN"":0.14966027053269437,""TP"":0.2509145077842511}",,,,,,1730.2600947932679,499.8297096651973,74.80464956877151,58.020279591962186,14.558129895321823
2,590,779,,"{""TN"":0.4745330578339095,""TP"":0.4084962233761482}",,,,,,554.2364986420469,166.5165931898451,79.01762814646234,11.040403436738845,4.509963108456866
2,329,1936,,"{""TN"":0.25835348266984104,""TP"":0.48468444018696333}",,,,,,380.94060930842977,551.5958885044842,142.50671882149882,9.057961303495025,4.390252903619663
2,329,2125,,"{""TN"":0.10306197602956181,""TP"":0.2861212284226664}",,,,,,3613.552962738861,3278.473978969064,337.8860066340518,227.27719369326726,65.02882985197392
2,590,1525,,"{""TN"":0.15976058422609624,""TP"":0.4482609793924655}",,,,,,3556.6165806019,1753.9468930941507,280.2115803422679,12.900167745098821,5.782641827745091
2,340,2154,,"{""TN"":0.183838493570875,""TP"":0.4457704470440872}",,,,,,1291.3454686033897,1226.3452393385733,225.44946139781746,4.962519597852242,2.2121445795996375
2,590,1084,,"{""TN"":0.3462888141068012,""TP"":0.4109736984616198}",,,,,,954.7791294342574,1163.6745232069848,402.96747064764406,18.01793248655383,7.4048963526307965
2,329,2540,,"{""TN"":0.2745739021119746,""TP"":0.40862345513613596}",,,,,,1340.104206931602,1011.7570063014921,277.80206920933034,29.646708520251654,12.114340468959151
2,329,274,,"{""TN"":0.23155447899912326,""TP"":0.35283052631694134}",,,,,,291.2853873755366,266.64598372501786,61.74307183865521,45.33024190732731,15.993893110236566
2,590,2085,,"{""TN"":0.1295384810885543,""TP"":0.2696589038972681}",,,,,,388.393829673778,178.19457486981705,23.08305456685677,77.17693875982258,20.81144871212034
2,329,610,,"{""TN"":0.22914097074123047,""TP"":0.39040392512351874}",,,,,,370.5895104321579,42.11960232608819,9.651326564234436,1.7527719911349287,0.6842890651856415
2,329,217,,"{""TN"":0.40277056662585964,""TP"":0.24275327139652736}",,,,,,1.123630068893944,3.9782253680175006,1.6023120856417776,0.014590549599210438,0.003541903646681625
2,340,2470,,"{""TN"":0.1480632957479907,""TP"":0.18114040718887403}",,,,,,841.9120645617952,338.76580139564334,50.15878104134822,16.711663570312655,3.0271575439299068
2,340,2241,,"{""TN"":0.3752214922781567,""TP"":0.33231704915039795}",,,,,,480.51300905973073,119.80946499603071,44.95508624485822,104.69709443491384,34.79262947723112
2,590,2415,,"{""TN"":0.10706080527910612,""TP"":0.14416145199681524}",,,,,,4048.163120701521,150.4347639060693,16.105666965755987,60.332932032987884,8.6976830851007
2,329,1604,,"{""TN"":0.44942566402639905,""TP"":0.42451914445979877}",,,,,,417.74235394345624,236.29485535886667,106.19697227568057,1.6065149096323568,0.681996334999039
2,340,2366,,"{""TN"":0.35452637995994485,""TP"":0.4793841213181208}",,,,,,1348.6852291791301,1039.6794736014185,368.593800094572,50.946724729894534,24.42305086867667
2,590,598,,"{""TN"":0.21202829865839143,""TP"":0.0759855063623784}",,,,,,468.9380308032051,339.14454498049116,71.90824087148785,0.24851085695630815,0.018883223302373662
2,329,869,,"{""TN"":0.42660364968129905,""TP"":0.29722187441482484}",,,,,,881.954816910491,265.51395267408463,113.26922125207221,33.473299164537664,9.948996720532074
2,329,37,,"{""TN"":0.14534618841965807,""TP"":0.4111552413441043}",,,,,,1270.6486933313192,841.5592883897915,122.317434896616,45.250360300182734,18.60492281012931
2,412,1135,,"{""TN"":0.05287184080875362,""TP"":0.11514388084172116}",471.3871466120598,0.5028758080057454,0.28543148193932855,,,1116.484497284023,116.83611932578599,6.177340701705499,6.304008891085867,0.7258680485803418
2,340,2470,,"{""TN"":0.3774000363968665,""TP"":0.11051067572075732}",,,,,,474.0803904320298,288.6070203542951,108.92029998610217,13.68450602638275,1.5122840078803332
2,590,1196,,"{""TN"":0.25127297714140895,""TP"":0.2810197369241481}",,,,,,560.6372249756666,344.7433737333593,86.6246938677546,11.195298184306555,3.146099750541221
2,340,152,,"{""TN"":0.3917853047967393,""TP"":0.12105563652750069}",,,,,,1214.7343930348272,405.8689507111168,159.01349056188764,35.334589811537825,4.277451261073852
2,329,1636,,"{""TN"":0.17315884927053213,""TP"":0.05129006181045155}",,,,,,336.50031649821005,308.32750806384746,53.389636494786544,22.312335602837674,1.144401072205083
2,340,1981,,"{""TN"":0.32501480616429085,""TP"":0.05454584594518347}",,,,,,301.1802402617845,55.00415990454384,17.877166369604975,62.2451442718536,3.3952140502882457
2,340,2548,,"{""TN"":0.1873455241419537,""TP"":0.17414658207160072}",,,,,,220.58463586480843,29.10820388841631,5.453291714306209,5.342807339386439,0.9304316368212111
2,329,1450,,"{""TN"":0.11075180092592674,""TP"":0.07311940039912428}",,,,,,227.08744513272867,51.754632537994546,5.731918759842462,8.718393333821396,0.6374836930127427
2,590,1665,,"{""TN"":0.40681006846523327,""TP"":0.27862116438376194}",,,,,,893.2796129423011,1518.1659489737228,617.6051936435861,260.8638190960109,72.68218102212559
2,590,2451,,"{""TN"":0.42945499698054684,""TP"":0.49750453896439567}",,,,,,4959.107630374866,1612.4743813574364,692.485180577067,35.82686203542134,17.824026479473304
2,329,1923,,"{""TN"":0.10224281399984,""TP"":0.28192915981582595}",,,,,,555.8281135989206,223.37406546278103,22.838393027499205,11.54504350844667,3.254884416373525
2,340,1209,,"{""TN"":0.34684360768158123,""TP"":0.3187645938069535}",,,,,,1427.3851189888971,560.9868664150333,194.57470860937545,126.40569121626402,40.293658815439585
2,329,421,,"{""TN"":0.08004002664410612,""TP"":0.15181160784267694}",,,,,,1255.320812758798,2899.0545230648822,232.04040126882953,16.573731322084043,2.5160847999581146
2,329,2369,,"{""TN"":0.2590819211754782,""TP"":0.4248673927423904}",,,,,,155.00437153721506,113.5290590070444,29.41332671678929,2.335413576021879,0.9922410770195981
2,340,2370,,"{""TN"":0.15945294714798797,""TP"":0.07841817471993938}",,,,,,439.59215561052804,231.8893450688922,36.97543948345161,8.053368415219172,0.6315304514686984
2,329,2567,,"{""TN"":0.2756453704092492,""TP"":0.1334475896729415}",,,,,,1597.0337703533623,72.05815884745655,19.86249788651568,27.741839007939305,3.702081548704287
2,340,1265,,"{""TN"":0.4926199882598045,""TP"":0.17693718013842175}",,,,,,859.5906684192918,668.6749224431364,329.40263244356356,19.716039207698,3.488500380908647
2,340,94,,"{""TN"":0.3855148130433682,""TP"":0.19480853138064508}",,,,,,422.50806311751404,121.580003866376,46.87089246035793,27.2918217577522,5.316679715330041
2,329,225,,"{""TN"":0.3319904885259892,""TP"":0.2727098758787621}",,,,,,435.4361803807222,469.0240198374902,155.71151347627162,69.04023253436159,18.827953245086622
2,329,1551,,"{""TN"":0.4179581261825175,""TP"":0.15090339328540575}",,,,,,252.54502205220794,348.6562670180205,145.72372004464333,2.414140026997725,0.36430192194007777
2,329,1705,,"{""TN"":0.10363485978400862,""TP"":0.47970125406687986}",,,,,,452.478911587402,3097.6846156044758,321.0281107932505,435.4687137089814,208.89488807308945
2,329,624,,"{""TN"":0.07321049297645084,""TP"":0.060214296144561974}",,,,,,343.63934487502087,2473.7378806408838,181.1035697362398,55.35718074750954,3.333293675258584
2,329,331,,"{""TN"":0.39755638607869476,""TP"":0.15259156792865822}",,,,,,129.9787061235091,361.5064237191441,143.71918735801626,79.49268528267534,12.129913486142803
2,329,1610,,"{""TN"":0.17976136363039413,""TP"":0.16589350605930825}",,,,,,477.18696538529974,936.4758284307937,168.3421719256225,11.17470548054311,1.8538110713474636
2,340,1042,,"{""TN"":0.4317564008729508,""TP"":0.48640807846921447}",,,,,,3000.066240282711,340.03857775609987,146.81383248993072,26.271550294357517,12.778694297085766
2,590,16,,"{""TN"":0.24386010355202814,""TP"":0.0782524733023251}",,,,,,733.9603401517924,935.9340007604596,228.23696234330967,39.32552847742906,3.0773198672798427
2,340,2082,,"{""TN"":0.4784248578160976,""TP"":0.08785962584319204}",,,,,,264.42012244755375,56.1457486868945,26.86152183250585,3.282049613855066,0.28835965107209904
2,340,427,,"{""TN"":0.48068344302476607,""TP"":0.24327366883540413}",,,,,,1430.6938209783784,1006.1521121107922,483.640661456056,40.31052362459573,9.806488974831638
2,590,2082,,"{""TN"":0.45056236207266726,""TP"":0.45979098258012324}",,,,,,601.971145387277,29.284226854388653,13.194370422985186,2.9936899627829674,1.3764716495282332
2,329,1713,,"{""TN"":0.4553406064633293,""TP"":0.08674895840011582}",,,,,,348.0182965158845,184.54897721899354,84.03264320908366,21.39639882473182,1.8561153115589475
2,340,1164,,"{""TN"":0.2694396885343228,""TP"":0.44318115377877393}",,,,,,1638.1078739137022,486.1775147865629,130.99551815648263,172.10359719671882,76.27307077511921
2,329,1485,,"{""TN"":0.32454149598556314,""TP"":0.08020663395386415}",,,,,,223.9704590916369,441.6062045510338,143.3195382614991,68.68119858613098,5.5086877545104596
2,329,1720,,"{""TN"":0.17220740870581333,""TP"":0.1501977925637516}",,,,,,38.5676987103843,75.35403928880818,12.976523841441706,1.0823225496451532,0.16256245779867345
2,329,1825,,"{""TN"":0.18358041185588503,""TP"":0.43606691084713506}",,,,,,956.4753766118721,1114.1145139800165,204.5296013310706,385.84137529242275,168.2526566007769
2,329,589,,"{""TN"":0.0896765955510973,""TP"":0.10821916035564295}",,,,,,345.8239496987207,446.7126787784103,40.05967222235875,20.91082557849956,2.262951986448524
2,340,338,,"{""TN"":0.4388361607901236,""TP"":0.3429892869689275}",,,,,,1097.437955532854,692.5541973532452,303.9178251055837,12.35155796013949,4.236452057703624
2,329,2365,,"{""TN"":0.2794264606886219,""TP"":0.163608703436532}",,,,,,492.9122275372544,334.4824870643558,93.4632575227207,29.271432339293447,4.7890610927619734
2,340,935,,"{""TN"":0.07818146455153564,""TP"":0.3626073957336644}",,,,,,707.4194840247059,447.6168840694995,34.99534355454841,28.398931319097755,10.297662527237236
2,590,1608,,"{""TN"":0.34466074210526765,""TP"":0.17403163844586222}",,,,,,1304.155580463524,519.1162964809288,178.91900798405504,46.771114528775804,8.139653693381925
2,329,2474,,"{""TN"":0.17162601778011677,""TP"":0.465234619413967}",,,,,,89.72165304196247,16.96611466729951,2.911826697549446,19.523438381367576,9.08297942500758
2,340,1186,,"{""TN"":0.08746407826986147,""TP"":0.16957887679905054}",,,,,,1050.9017212203696,179.06604091667452,15.661846218210236,101.35806890507733,17.188187479443783
2,329,909,,"{""TN"":0.38311428155143556,""TP"":0.42654674879200183}",,,,,,628.0945916618443,2923.7095795403893,1120.114895030666,21.44041789377095,9.145340545329859
2,340,2075,,"{""TN"":0.3189573759796005,""TP"":0.16149873968000053}",,,,,,552.0554896890492,632.5529057970856,201.75741500130985,6.072237068478989,0.9806586335975378
2,329,574,,"{""TN"":0.08765422611858217,""TP"":0.10092366429704208}",,,,,,823.3971771568611,467.41308112565275,40.97073190377116,25.276079576037006,2.5509545698772804
2,329,903,,"{""TN"":0.3110956612416125,""TP"":0.27298039415304703}",,,,,,295.3912413107081,67.14535054995514,20.88862722863816,1.4407626314429902,0.3932999510122887
2,590,2129,,"{""TN"":0.07415474884452805,""TP"":0.24292940886706987}",,,,,,2249.7322695755274,487.01079894261505,36.11416348016257,24.87033045399516,6.04173467551773
2,340,582,,"{""TN"":0.13008930330062626,""TP"":0.24339978288471095}",,,,,,1544.5725851795792,1589.6974582964478,206.80263480856127,17.002315898732455,4.138359998288749
2,329,1786,,"{""TN"":0.29426709986182914,""TP"":0.12569528504276795}",,,,,,522.9027237894142,245.5721450552358,72.26380293225267,6.154052531541651,0.7735353871202955
2,340,1781,,"{""TN"":0.11005185572271992,""TP"":0.14028954389193954}",,,,,,371.70741541354704,206.67933882183246,22.74544477688745,76.58110969564173,10.743528949940167
2,340,875,,"{""TN"":0.09248772129765498,""TP"":0.059651547095243854}",,,,,,294.7261589917493,703.2434496708814,65.04138417756194,19.563813153145,1.16701172166738
2,329,2138,,"{""TN"":0.403396480875888,""TP"":0.06425879640822123}",,,,,,399.6382483870179,234.3585166864509,94.53940089460737,1.8702395166086905,0.12017934033236792
2,329,2111,,"{""TN"":0.4116953222842802,""TP"":0.13215041717287254}",,,,,,467.13237890739526,18.43719681992318,7.590507686796979,48.560585418105894,6.417301621161605
2,340,1815,,"{""TN"":0.38948402880622224,""TP"":0.14344101523729186}",,,,,,609.2900009444251,927.5256609044293,361.25643123021104,121.70483001228718,17.4574643762445
2,329,2053,,"{""TN"":0.43020785197066347,""TP"":0.4352448472622744}",,,,,,189.63689478343807,159.27466912480463,68.52121327752036,1.4363495954475045,0.6251637602857788
2,656,1720,,"{""TN"":0.12314196453832164,""TP"":0.19186300056758543}",,,,1.0985616263736961,1.788436327106025,22128.39979628356,62.377515447366484,7.681289795208214,0.9197600918464797,0.17646793102398356
2,340,2073,,"{""TN"":0.2766610034237837,""TP"":0.4543623468631153}",,,,,,1573.7365834315012,793.2997122040074,219.4750943941595,351.0435302573219,159.5009622588298
2,329,2597,,"{""TN"":0.279972108874919,""TP"":0.2314790400663762}",,,,,,492.8274529769523,1689.176392762754,472.92227694351675,5.67029264925168,1.312553899344208
2,340,1642,,"{""TN"":0.07666138578002626,""TP"":0.2716499430585496}",,,,,,82.52328982970445,77.80594414465156,5.964711500052309,0.4454049161298196,0.12099422010466356
2,340,809,,"{""TN"":0.38064198166045327,""TP"":0.4785971022323779}",,,,,,1127.2234535072814,302.4233202011861,115.11501190171326,6.3658751608121635,3.046689405137774
2,590,2535,,"{""TN"":0.11537809352990938,""TP"":0.09605777035306143}",,,,,,330.7381616234566,994.4955121202322,114.74299621248328,17.565121842431427,1.6872664401638213
2,329,258,,"{""TN"":0.13479501285126888,""TP"":0.44775001685085786}",,,,,,413.8937174254226,271.568208686159,36.60604017984687,56.1714891866599,25.15078522986475
2,656,965,,"{""TN"":0.4719166975351222,""TP"":0.3671691411855202}",,,,3.508989796986148,16.630831547268226,92639.42017352294,3869.6754465555714,1826.1644572712546,43.133047030606456,15.837123834942425
2,329,174,,"{""TN"":0.2015098036809948,""TP"":0.06131715866625471}",,,,,,58.14114641995046,0.04049295848339116,0.008159728114450827,2.516593162929148,0.15431034226973833
2,340,59,,"{""TN"":0.06605336885488293,""TP"":0.17694790542824052}",,,,,,339.4976625039288,73.0655234408721,4.82622397041502,0.6577063255970005,0.11637975670129361
2,329,1646,,"{""TN"":0.05945200613289077,""TP"":0.40371581615352037}",,,,,,120.84269050743146,262.862080817454,15.627678040863705,4.8261462742331975,1.9483915819783268
2,329,812,,"{""TN"":0.45799605860789505,""TP"":0.4988895010240776}",,,,,,389.3613014647444,79.7410919326096,36.52110581422502,32.444575917282,16.186258290310622
2,329,1956,,"{""TN"":0.2993764027994972,""TP"":0.09332725262850614}",,,,,,254.60996648231352,237.79480975744764,71.19015474957544,6.2230625893472435,0.5807813343990157
2,656,2640,,"{""TN"":0.1468917183988439,""TP"":0.1223145717714678}",,,,3.849435093322863,1.8899215097774689,74890.37085727033,171.44748803204334,25.18421613219207,4.725050166109385,0.5779424876663722
2,340,201,,"{""TN"":0.1330802824807402,""TP"":0.36646594002705696}",,,,,,274.34271644180507,695.3824588620928,92.54169405751901,1.9896664590345856,0.7291449892504153
2,329,1263,,"{""TN"":0.37312395318378433,""TP"":0.14213270636739583}",,,,,,1876.392422097227,432.45933346856606,161.36093609501583,156.670040151578,22.267936813432353
2,329,767,,"{""TN"":0.18526404223840748,""TP"":0.4559766916103615}",,,,,,33.899635447865705,18.394192831257538,3.4077825176315084,2.4414070714501728,1.1132247193139913
2,590,2076,,"{""TN"":0.09095127260725733,""TP"":0.29267837452874873}",,,,,,112.16141029091958,74.27916556762894,6.755784636581021,1.7380420360190028,0.5086873179646787
2,329,743,,"{""TN"":0.3451923614263994,""TP"":0.3328964445172867}",,,,,,1211.0057574269815,467.72822854449754,161.45621171706173,62.66658737027478,20.86148412559638
2,590,1500,,"{""TN"":0.4327331574121959,""TP"":0.40943449368829427}",,,,,,461.31924937025093,86.91407137818328,37.610600531030215,3.7069601188494175,1.5177573393838104
2,590,1425,,"{""TN"":0.4856615047067539,""TP"":0.053494182121133084}",,,,,,1034.8635144896475,434.89540564707727,211.21195709661367,300.57533976702683,16.07903196661879
2,340,918,,"{""TN"":0.3904545798577671,""TP"":0.06352143099302122}",,,,,,232.18847635312855,126.9828771587964,49.581045950168296,2.2425073982938915,0.142447278952065
2,329,1909,,"{""TN"":0.09321907510767483,""TP"":0.2665114836554525}",,,,,,318.17522569970225,152.1004113521429,14.178659669743647,43.32536159610221,11.546706398886165
2,590,2633,,"{""TN"":0.49170559270741043,""TP"":0.10590579233480052}",,,,,,810.8865226274644,77.21003128199465,37.96460419447088,19.61002763112044,2.0768155139811415
2,329,1479,,"{""TN"":0.19026543875236684,""TP"":0.1137172459138751}",,,,,,103.48791415047988,258.47730370285205,49.17929759655192,1.0297177240226767,0.11709666364456249
2,590,2248,,"{""TN"":0.0987619201359009,""TP"":0.2871085397263043}",,,,,,1702.490156792368,180.7237643948405,17.848625985822608,27.387098021311992,7.863069720240044
2,329,1495,,"{""TN"":0.42856754131147634,""TP"":0.2854643825248584}",,,,,,603.0528668729829,167.66719541832612,71.85671769902285,1.4412988790568533,0.4114394945437352
2,329,1749,,"{""TN"":0.09352014348033322,""TP"":0.45355663898678805}",,,,,,78.25927216288618,100.99307848880596,9.444887190793688,0.6754217577142319,0.3063420223274157
2,590,2243,,"{""TN"":0.2907341639960247,""TP"":0.2589804572532471}",,,,,,65.60802435583713,109.55760398726794,31.852138404645885,3.643487807958899,0.9435921385018265
2,329,1170,,"{""TN"":0.07456078174483183,""TP"":0.0834386034432632}",,,,,,1510.441115642569,255.7799030973655,19.0711495295569,24.633932832950695,2.0554209528965544
2,329,891,,"{""TN"":0.12545874517996763,""TP"":0.28761186169656616}",,,,,,145.47520923935198,106.81252735159333,13.40056565103187,4.699627339214979,1.3516685683116998
2,329,2120,,"{""TN"":0.05462479408511472,""TP"":0.1948062170980387}",,,,,,449.92625393692356,85.26375148537878,4.65751486781321,15.897187256866598,3.0968709120093285
2,340,2217,,"{""TN"":0.11508620448974474,""TP"":0.1879895728384487}",,,,,,1944.1450451408423,1395.6654912927806,160.62184413020103,258.4623492410651,48.58822662864977
2,329,1446,,"{""TN"":0.4715135665503733,""TP"":0.07651206899738411}",,,,,,290.4234214749916,35.560971223343735,16.767480371513997,19.813520227564247,1.5159734267324614
2,340,1932,,"{""TN"":0.2818772766544409,""TP"":0.41854343250189574}",,,,,,1113.3132430115318,1377.1288194950318,388.1813212416047,275.3198251660893,115.23330466083682
2,329,2508,,"{""TN"":0.16819604890169526,""TP"":0.45227083075448654}",,,,,,182.9570019162903,212.04507795881204,35.66514430172413,8.708827481808346,3.9387486400949636
2,590,1565,,"{""TN"":0.42336870019728745,""TP"":0.4499252786563461}",,,,,,722.4579317007937,753.4980360110849,319.0074841072219,5.2525174175089,2.363240362720003
2,340,1947,,"{""TN"":0.3674716648921102,""TP"":0.3204138391601653}",,,,,,922.0681836429295,171.40586958167057,62.986800267456395,39.37000137440253,12.614693288113298
2,329,2233,,"{""TN"":0.2263136911406262,""TP"":0.48284225212608006}",,,,,,439.8003083539892,757.2713173129421,171.3808670160163,19.152631049414794,9.247699510039327
2,340,1578,,"{""TN"":0.10976445052818187,""TP"":0.05796962631498133}",,,,,,1364.320878701645,491.27439955902133,53.92446452615845,76.40381011676035,4.429100321509388
2,329,924,,"{""TN"":0.31386106819551035,""TP"":0.10380355156889395}",,,,,,810.388274368528,124.90199072704716,39.20187222933675,52.80353831877105,5.4811948128926185
2,340,2459,,"{""TN"":0.2954528181592183,""TP"":0.06367674237557222}",,,,,,928.8147541372236,556.0649509790616,164.2909568463313,12.072055355736,0.7687091588308481
2,340,1989,,"{""TN"":0.15009961734276034,""TP"":0.42677419123519356}",,,,,,254.85498900241475,31.505880771682175,4.729020647876125,6.56633708578585,2.802343199163914
2,329,1939,,"{""TN"":0.09910629978784849,""TP"":0.3450245083890988}",,,,,,311.5451939691755,329.13814457460444,32.61966362782697,1.9536126809343444,0.6740442548220815
2,590,301,,"{""TN"":0.19758860874306028,""TP"":0.3470485008818019}",,,,,,2311.2952820441456,769.5279178532178,152.04995067756127,4.689083567537534,1.6273394226233928
2,590,368,,"{""TN"":0.30429450713502926,""TP"":0.13223230631116778}",,,,,,544.4348814014611,216.76365040679542,65.9599881653256,1.4000586991030366,0.1851329907534078
2,329,1354,,"{""TN"":0.37213509048779625,""TP"":0.2700696485253248}",,,,,,406.1857160781413,419.1831657323663,155.99276531077504,8.710456723971669,2.3524299859380804
2,329,2073,,"{""TN"":0.46312065976015315,""TP"":0.3908334156724864}",,,,,,603.2730524087232,573.824617809848,265.7500355867145,191.54256799849207,74.86123609753015
2,590,1247,,"{""TN"":0.43712263687635,""TP"":0.10735566129029345}",,,,,,788.8881281468229,421.4036289870692,184.20506549209077,0.1339391566228523,0.014379126731910497
2,590,978,,"{""TN"":0.4564503871371585,""TP"":0.38140414448155957}",,,,,,310.18319686316556,5.766742752379685,2.63223196184411,3.698005192321412,1.4104345066657134
2,340,2379,,"{""TN"":0.17684104426715547,""TP"":0.1632885896995213}",,,,,,766.9791815161416,909.4683854200929,160.83133900565306,78.00110293633803,12.736690093481828
2,340,1504,,"{""TN"":0.11136671083572687,""TP"":0.3821399550752931}",,,,,,892.8091677803278,429.39149311968276,47.81991824958072,15.625028500521559,5.970947689239482
2,340,1323,,"{""TN"":0.14587016753629334,""TP"":0.13318832575160244}",,,,,,1273.8023963482847,835.8453141475134,121.92489600912351,25.582448097470362,3.4072834307293447
2,329,1223,,"{""TN"":0.3988111987881231,""TP"":0.0757385423872406}",,,,,,7146.607830740786,413.48215068928636,164.90131219388564,57.03988929780807,4.320118073345548
2,590,666,,"{""TN"":0.05166772561086466,""TP"":0.23399800241560365}",,,,,,1836.5002305327753,1678.0115782020448,86.69904179439722,28.059249924505238,6.565808431614403
2,590,1548,,"{""TN"":0.08364920242514337,""TP"":0.1746668012877753}",,,,,,1909.5126377547656,1578.9751795468273,132.08001441818965,7.257193595960298,1.2675907917325127
2,329,2383,,"{""TN"":0.2347801363220479,""TP"":0.35834506429394036}",,,,,,297.80553284499723,60.24290420395725,14.143837261441156,0.10010968104292095,0.03587381008977137
2,590,2381,,"{""TN"":0.17432699385928832,""TP"":0.289851995882994}",,,,,,759.900927773872,807.6134424261966,140.78882361851026,16.66624320301847,4.830743856266286
2,590,317,,"{""TN"":0.261058117820304,""TP"":0.06740156114177377}",,,,,,1064.2547198643076,432.07276270629654,112.79610219352463,14.591202285052475,0.9834698129479535
2,340,759,,"{""TN"":0.2639533488101868,""TP"":0.3393251924775461}",,,,,,826.7398104185186,291.65378300921975,76.98299271844311,40.87117495589708,13.868619308693239
2,329,16,,"{""TN"":0.05198272259538799,""TP"":0.45584498077827074}",,,,,,153.1954467071612,707.69703841715,36.78801882961635,36.24820861014921,16.523563957140215
2,340,2336,,"{""TN"":0.0791649531476511,""TP"":0.18542249138079714}",,,,,,861.5806964710131,847.4666561928566,67.08965813170403,54.35849545475503,10.079287654932415
2,329,2528,,"{""TN"":0.15663821409997886,""TP"":0.06336636197515433}",,,,,,2047.2756930497894,941.194741224638,147.42706338571904,277.7691777329741,17.601222261768612
2,590,1019,,"{""TN"":0.19401776685200023,""TP"":0.3592681898778656}",,,,,,1177.8460657828325,778.7553531985446,151.09237455162233,13.381774596555319,4.807645936658035
2,329,264,,"{""TN"":0.43623045860738724,""TP"":0.17733658949590747}",,,,,,745.8793633042353,170.33229283741431,74.30413422011303,5.6449911447647745,1.0010634773471836
2,340,2341,,"{""TN"":0.43674899769407804,""TP"":0.16910852635688461}",,,,,,2847.7994061555355,757.9184686108483,331.02013149961857,31.367254436270763,5.3044701735792
2,329,880,,"{""TN"":0.06478574090675077,""TP"":0.06957799257162901}",,,,,,768.0802420891147,1347.6294382230703,87.30717162302992,41.89803195848675,2.915180956373466
2,329,899,,"{""TN"":0.061373050113141876,""TP"":0.1003006009210674}",,,,,,198.26706319636472,250.4371726037618,15.370093144404235,15.213925895609794,1.525965909698251
2,340,1181,,"{""TN"":0.09129880574231922,""TP"":0.25854420426946273}",,,,,,638.6654472271159,20.660798085924604,1.8863061909281111,166.7489248683247,43.11196809286944
2,340,1838,,"{""TN"":0.4126669018201784,""TP"":0.26709330765644135}",,,,,,316.3162595815396,162.14676665169742,66.91260383431539,10.953051415632803,2.9254867315324327
2,340,571,,"{""TN"":0.19242506523143144,""TP"":0.12134630931217537}",,,,,,735.6960303834524,110.61731599371741,21.285544245816936,214.21100551610562,25.993714933429455
2,340,828,,"{""TN"":0.09548415613204175,""TP"":0.0881683336133482}",,,,,,9331.844450141672,8576.251572210993,818.896144148663,102.37926380986103,9.026609086676812
2,329,9,,"{""TN"":0.13949087687586514,""TP"":0.23148729857612882}",,,,,,857.5949885745542,1214.8726595924331,169.4636525790629,11.881000405371786,2.7503006882214063
2,329,2330,,"{""TN"":0.17542109379161752,""TP"":0.3190176026495039}",,,,,,628.7816274713746,245.57217003724065,43.07853867271384,11.441829207838369,3.650144923809669
2,340,1313,,"{""TN"":0.35965292025439405,""TP"":0.05314374616831524}",,,,,,743.443070028449,249.8337674398453,89.85344403789752,10.01273260304995,0.5321141199077009
2,340,228,,"{""TN"":0.36902412200691564,""TP"":0.3137130229372432}",,,,,,1498.9522287756465,190.0809594953142,70.14445918799042,118.62195641776765,37.213252534547806
2,590,2200,,"{""TN"":0.18725367669688603,""TP"":0.4977792122327224}",,,,,,1288.446600522049,423.4030359069681,79.28377519820343,487.6986686787344,242.7662591018479
2,590,460,,"{""TN"":0.1746710838677991,""TP"":0.42469979073716857}",,,,,,441.2471567337409,1814.1526933124048,316.88001724256463,34.0810662921431,14.474221722372743
2,340,298,,"{""TN"":0.26120657618144605,""TP"":0.3991185086698998}",,,,,,1150.241460372671,428.3540583827966,111.88889698359755,18.680940815133983,7.455909238686937
2,329,244,,"{""TN"":0.154413839701919,""TP"":0.28608315485846886}",,,,,,2116.2038436662365,2445.9417642794215,377.6872595096715,18.174350709563782,5.199375588496259
2,329,277,,"{""TN"":0.2855087160912593,""TP"":0.12765836275701042}",,,,,,2534.0611151070607,719.1327241134177,205.31866076083165,1368.5841470798184,174.71121151140918
2,329,1646,,"{""TN"":0.05925829146967037,""TP"":0.11678479862885176}",,,,,,340.71496749040875,247.2344027765903,14.650688301065069,2.8777546922548702,0.33607800223821827
2,590,667,,"{""TN"":0.1900723477105472,""TP"":0.19187634115918345}",,,,,,2120.925817519128,546.1501431415038,103.80803990935703,47.43774323817273,9.102180605389378
2,340,1028,,"{""TN"":0.08150971301522995,""TP"":0.30314592570126087}",,,,,,2129.1340171031484,734.6444971610726,59.88066213181695,122.02942984225265,36.99272447232675
2,329,2171,,"{""TN"":0.17444320253445228,""TP"":0.1396556252224212}",,,,,,86.34030802375989,137.82701193154742,24.042985357093297,3.1478180709399637,0.43961050078355646
2,340,2227,,"{""TN"":0.4412766340109875,""TP"":0.05807274537120515}",,,,,,888.5150423252315,165.05301414942838,72.83403851722764,46.45614580547093,2.6978359262886937
2,590,157,,"{""TN"":0.11344895721773401,""TP"":0.23955354574192134}",,,,,,2911.9958181403445,579.5569181867593,65.75012801661143,10.241134162232346,2.4533000009814794
2,340,1741,,"{""TN"":0.37800666125294047,""TP"":0.18244388204250483}",,,,,,596.3369473838079,999.5951600475415,377.85362905416986,79.41289860736372,14.488397506175263
2,590,1306,,"{""TN"":0.17898728925008395,""TP"":0.35505683028799545}",,,,,,503.37320282342745,22.031812331353674,3.9434143664555665,105.46031420508997,37.44440488283531
2,329,1225,,"{""TN"":0.3359240009372938,""TP"":0.16067552532150964}",,,,,,372.53010597500815,2186.756263652329,734.583913160778,10.94156471491953,1.7580416584089893
2,590,861,,"{""TN"":0.1350167336412157,""TP"":0.12048816045342085}",,,,,,1279.9942263587614,2094.3200633782194,282.768254156591,1.5850416868946957,0.19097875709592896
2,656,148,,"{""TN"":0.22206609635636632,""TP"":0.33778667637241855}",,,,1.2219462083964698,4.122009682288855,27191.79241303713,137.15169015577024,30.45674044156977,3.4145463607718045,1.153388266524645
2,329,1909,,"{""TN"":0.40479207548527685,""TP"":0.07665121253700491}",,,,,,418.15880023227055,137.92175168239925,55.82963211808337,31.778655197216047,2.435872453662003
2,329,971,,"{""TN"":0.43577826193821634,""TP"":0.2630117359726851}",,,,,,239.18877676954577,2572.1808133460813,1120.900484230783,7.095642527001939,1.8662372588683902
2,590,1938,,"{""TN"":0.28520716718633554,""TP"":0.41685204647574425}",,,,,,3376.4144109870695,817.0555237273544,233.0300913562265,37.06407992808919,15.450237568764535
2,329,2310,,"{""TN"":0.19224905813260434,""TP"":0.4088201030178389}",,,,,,447.56244337648894,125.43810354334522,24.11535726014822,10.304557114173582,4.212710100969648
2,340,394,,"{""TN"":0.15404888001648032,""TP"":0.36217869690761484}",,,,,,1944.2626666719232,970.7384704866838,149.54117416738478,92.8033221044797,33.61138626849811
2,340,1556,,"{""TN"":0.1411244689901498,""TP"":0.414213803886579}",,,,,,668.0730736437388,322.14307863207665,45.46227091080389,2.1953030088849044,0.9093248099938687
2,329,276,,"{""TN"":0.38402381137988506,""TP"":0.1980438599057427}",,,,,,345.5092267057731,651.2853694088241,250.10908985633301,37.546804129943546,7.4359140170189
2,590,839,,"{""TN"":0.17958724642958795,""TP"":0.18247977644182795}",,,,,,310.526618169058,65.45650705580226,11.755153863050424,4.625610161678553,0.84408030821015
2,590,817,,"{""TN"":0.371719384641958,""TP"":0.18064963968291448}",,,,,,656.6408815671956,249.56302784229666,92.76741513892235,3.6241219024096565,0.654696315837263
2,590,1020,,"{""TN"":0.0594696651754108,""TP"":0.15416908706891325}",,,,,,5941.171674432477,7528.0635195543455,447.6914169271215,103.22901293906402,15.914722683840534
2,590,2417,,"{""TN"":0.3019194901374204,""TP"":0.38930294567737955}",,,,,,757.432077485748,343.12199112956563,103.59521661677495,2.6089475529224524,1.0156709674705018
2,329,682,,"{""TN"":0.29642299873169575,""TP"":0.2526816542709826}",,,,,,417.576406061813,535.9216001401187,158.85948779862275,5.7118853212106275,1.4432886319696443
2,340,1271,,"{""TN"":0.1143746112238645,""TP"":0.40763393531557446}",,,,,,174.13420379611028,299.4573188649053,34.250314423314364,12.810888349262997,5.222152832698519
2,340,2331,,"{""TN"":0.16749754042682163,""TP"":0.38010573646737744}",,,,,,1667.6782403915017,1631.8213086094834,273.3260556081659,609.9506771203633,231.84575133561123
2,340,2205,,"{""TN"":0.20692533586111186,""TP"":0.24948441079940553}",,,,,,980.2894207197777,175.8746517647765,36.39292138588247,55.14509289327614,13.757841008957485
2,329,251,,"{""TN"":0.2956088569381031,""TP"":0.4879580491160467}",,,,,,502.68063289087695,47.37276810541876,14.003809829636667,1.699175308077925,0.8291262684358619
2,329,2270,,"{""TN"":0.23857947325189896,""TP"":0.41514805644839126}",,,,,,1293.4560760642798,317.5483777641268,75.76052469896041,12.139536864662544,5.039705135548252
2,590,2151,,"{""TN"":0.42777791540052923,""TP"":0.08413457932757895}",,,,,,3737.2319851384923,2604.4743274382727,1114.1365985057396,56.856409795193464,4.783590120195042
2,329,2617,,"{""TN"":0.10293915801250761,""TP"":0.2018333799197163}",,,,,,544.7375593339393,301.55985736026344,31.042317807037414,29.434570170903932,5.9408787840776025
2,590,2221,,"{""TN"":0.06477244799972501,""TP"":0.1860574960917225}",,,,,,921.343521292979,495.51477321435175,32.09570488112213,2.6704402801061016,0.4968554319790193
2,340,2382,,"{""TN"":0.2749248171005831,""TP"":0.24237102276824019}",,,,,,555.0581704330054,1209.5226511862033,332.5277936563793,191.4186184010902,46.394326318755716
2,329,1511,,"{""TN"":0.27566597961389994,""TP"":0.0770900740312443}",,,,,,490.1209023542635,580.1693196132925,159.9329438331281,5.559394230434859,0.42857411279309565
2,329,1466,,"{""TN"":0.35619853088413034,""TP"":0.1453693145164976}",,,,,,428.57366319725816,818.2449410092087,291.457645890852,2.5524834016707363,0.3710527624156129
2,590,394,,"{""TN"":0.10503963223555668,""TP"":0.21680916824729746}",,,,,,1392.2939063074791,821.197296319299,86.25826199821263,59.19193583598158,12.833354375546566
2,340,1709,,"{""TN"":0.3772458400111356,""TP"":0.24415031981986413}",,,,,,401.2699721091138,129.76263714201826,48.952415050700864,3.9603442632834094,0.9669193184774085
2,329,1909,,"{""TN"":0.39749521426780476,""TP"":0.11590477032853301}",,,,,,366.66795886758894,82.0921195643159,32.63122465591599,29.342782743554046,3.4009684946916736
2,590,1047,,"{""TN"":0.05734082284737976,""TP"":0.17831362895807423}",,,,,,859.1719496222681,434.27994261881616,24.901969255875787,3.733428304016874,0.6657211493440373
2,340,1235,,"{""TN"":0.1893047755038308,""TP"":0.40984671529371575}",,,,,,722.668510633328,2293.5464985674284,434.1793050189042,23.10736537974548,9.47047779998041
2,656,985,,"{""TN"":0.44769030133426957,""TP"":0.060190502637996704}",,,,0.6871702832850057,9.025415314567745,5428.627687531704,121.88126781247811,54.56506151397114,20.15838789235801,1.2133434996127357
2,329,2142,,"{""TN"":0.2398777347884963,""TP"":0.40448284859271233}",,,,,,233.28435191940923,181.2143673024311,43.46929193963772,13.359515483367051,5.403694878530751
2,329,470,,"{""TN"":0.3716769447167604,""TP"":0.06756366605604384}",,,,,,777.5963942450873,397.48408443672514,147.7356700769808,6.874677624210563,0.4644784232451194
2,329,1343,,"{""TN"":0.2386315629675039,""TP"":0.06685021668731607}",,,,,,170.17467315397434,151.6121085013014,36.17943441646434,60.30752547865311,4.031571146123795
2,329,2025,,"{""TN"":0.23631018935111253,""TP"":0.46692117321592824}",,,,,,275.59762708854583,494.9671084363213,116.96577111715975,110.52817812004133,51.60794660122879
2,329,1206,,"{""TN"":0.08193482785842236,""TP"":0.47047660925587875}",,,,,,208.69454733886764,29.25787728263868,2.3972391386558467,1.4140638555746268,0.665283968042045
2,590,836,,"{""TN"":0.06055208201728569,""TP"":0.4885375942017212}",,,,,,10284.177283931653,6048.465438906673,366.24717533539473,244.8530094847281,119.61990018672029
2,329,575,,"{""TN"":0.3789796174215817,""TP"":0.1457896892023337}",,,,,,559.8268603687816,886.5026161051702,335.96642229476873,28.09210477000272,4.0955392234580925
2,340,1687,,"{""TN"":0.08546318291672259,""TP"":0.12494158343582731}",,,,,,2963.159041910606,1484.9264840835885,126.90654372712147,22.821409755719593,2.851343071117443
2,329,983,,"{""TN"":0.10863516704225981,""TP"":0.10823170020487158}",,,,,,547.6394486313048,277.1835591045405,30.111882244689852,13.678426449824542,1.4804393507917957
2,329,291,,"{""TN"":0.17021055570467186,""TP"":0.30276254817057535}",,,,,,712.4942214459113,21.620163554999692,3.6799800531223914,15.163102057513163,4.590819417103179
2,340,2269,,"{""TN"":0.43597838708730613,""TP"":0.1305983531714286}",,,,,,605.9624266552935,739.8889937590811,322.5756101227341,44.45580104266465,5.805854405088682
2,340,1508,,"{""TN"":0.18776093695523594,""TP"":0.38138852363726217}",,,,,,2155.255017855498,662.2582140922497,124.34622278426203,103.80046780042392,39.58830716726085
2,656,1610,,"{""TN"":0.18912532857379905,""TP"":0.06181651710644401}",,,,4.019234904885717,3.381968162915489,113073.14184682589,768.1336565051712,145.2735301751342,9.320894409195649,0.5761852286934012
2,340,253,,"{""TN"":0.25390550631474035,""TP"":0.07944067816317811}",,,,,,248.96471889477095,139.8295775751402,35.50349969199224,5.514876284460801,0.438105512023594
2,590,1675,,"{""TN"":0.11527978623740949,""TP"":0.3007913384582071}",,,,,,642.3021093208786,456.459460706375,52.62054905627413,4.298312743222497,1.2928952431458627
2,329,2305,,"{""TN"":0.350055118932906,""TP"":0.35119991866489675}",,,,,,334.28473626430565,2202.206328425998,770.8935982119609,6.887391313228628,2.4188512690192105
2,329,1666,,"{""TN"":0.13232852378668214,""TP"":0.1855399986093918}",,,,,,439.54929726501973,285.91779738723363,37.83508005259231,15.26063333370549,2.831457887514155
2,340,2074,,"{""TN"":0.20061596687401595,""TP"":0.10530224406914346}",,,,,,1567.4681655470827,497.11590825349697,99.7293885827299,6.440375678369945,0.6781860115806873
2,329,1825,,"{""TN"":0.22521772507064614,""TP"":0.14451745671655064}",,,,,,523.6857894508044,909.584912648946,204.85464478537799,217.58871869164585,31.445368235529642
2,340,1998,,"{""TN"":0.3629019888159758,""TP"":0.29300790896115525}",,,,,,876.0564034685042,398.2447425642948,144.52380911208888,57.965778952002154,16.984431682030696
2,329,698,,"{""TN"":0.06169685345876958,""TP"":0.44750394503287116}",,,,,,333.0334125508043,298.44650369782465,18.41321020392682,5.056614698575876,2.262855026123907
2,590,1670,,"{""TN"":0.13529865702780935,""TP"":0.2623161612513406}",,,,,,1160.1895662414718,535.7899889058515,72.49166594790658,20.2548051772812,5.313162740998184
2,590,243,,"{""TN"":0.43513208150079075,""TP"":0.4778113003437285}",,,,,,729.4898044361977,162.7411700321198,70.8139040619504,13.558779883665173,6.478538247288443
2,329,790,,"{""TN"":0.08604872667151961,""TP"":0.35250003899963367}",,,,,,199.82281903047806,92.43867856936804,7.954230586092008,6.561437030828758,2.312906809260778
2,340,2324,,"{""TN"":0.09812357218487827,""TP"":0.07127130910729176}",,,,,,728.3320820048626,203.6742924206301,19.985249134539703,11.482810572359469,0.8183949417231096
2,340,500,,"{""TN"":0.1009089811588335,""TP"":0.14173853674054832}",,,,,,15454.916769364652,28340.166199183455,2859.777297031613,67.5688247488907,9.577106349186316
2,340,1305,,"{""TN"":0.10111722791133765,""TP"":0.055670425911631405}",,,,,,1396.912514155779,951.409474464651,96.2038886664481,12.797318354993319,0.7124321633492162
2,340,296,,"{""TN"":0.0808939117807499,""TP"":0.1455564549177219}",,,,,,771.6824456755495,723.1007441691609,58.494447807414694,44.07657874333586,6.415630546781785
2,329,180,,"{""TN"":0.27232551728074783,""TP"":0.4291941232800727}",,,,,,381.2508426071974,507.534532954595,138.21460422470284,59.22779283237271,25.42022061850398
2,590,2130,,"{""TN"":0.4858904789910421,""TP"":0.3851296148114949}",,,,,,937.0692221692095,958.5493914261598,465.7500229366287,24.024634383140224,9.252598185965791
2,590,2540,,"{""TN"":0.1136975553364031,""TP"":0.09955922016388856}",,,,,,3340.1046136663726,733.9549370921618,83.44888207446233,17.532368051292504,1.7455088908129563
2,590,418,,"{""TN"":0.1715777762789475,""TP"":0.3342831592956552}",,,,,,355.0175998596537,366.00704373821,62.79867466703354,27.70976714247277,9.262908503732739
2,329,1944,,"{""TN"":0.44022703120330864,""TP"":0.10651952517318694}",,,,,,97.5261357024055,154.814423873083,68.15349420909796,18.13634234496566,1.9318745749641058
2,340,527,,"{""TN"":0.48809032451704626,""TP"":0.08685698777338374}",,,,,,3685.0569514843937,6743.5819002877,3291.477078118703,493.766384802908,42.88706084773408
2,340,2171,,"{""TN"":0.11668800205716136,""TP"":0.30338586824461056}",,,,,,194.27704497930088,113.78402657445413,13.277230726992006,2.7082075701564072,0.8216319050585287
2,329,2240,,"{""TN"":0.13646441512534307,""TP"":0.25875396537181783}",,,,,,6582.3643674101995,1696.7547201019893,231.54664048988317,263.8267854006979,68.26622689373019
2,590,978,,"{""TN"":0.17474989411314615,""TP"":0.22584403866709984}",,,,,,586.770509762815,3.134510790535574,0.5477554287426056,2.2875706856556985,0.5166342023849497
2,329,163,,"{""TN"":0.07856405479778586,""TP"":0.33500332668325594}",,,,,,1264.0009130542076,586.3003009194445,46.06212896939358,66.61334482569148,22.315692118105503
2,340,877,,"{""TN"":0.4554814772179507,""TP"":0.14450111616429862}",,,,,,689.5555354747511,55.333983306172854,25.203604456649035,4.359817190100183,0.6299984502417726
2,329,271,,"{""TN"":0.12969603661688406,""TP"":0.4057118493270667}",,,,,,2985.4009889251,2364.947009955402,306.7242540001663,27.399343776417574,11.11623843387843
2,329,11,,"{""TN"":0.11955040304591875,""TP"":0.054610136008339985}",,,,,,171.97385035524482,357.7419615332413,42.76819568773656,24.56391000904075,1.3414384664903392
2,590,550,,"{""TN"":0.244028444572002,""TP"":0.11275553291601088}",,,,,,1724.9693335671827,14.662092189376805,3.5779675511449214,6.575335598920672,0.741405469557918
2,340,1466,,"{""TN"":0.21034530210144442,""TP"":0.47560943493385954}",,,,,,385.0473975307301,526.7872951183566,110.80723273487348,2.1814306392551237,1.0375089936835373
2,329,1141,,"{""TN"":0.13403106534634668,""TP"":0.09853508391309546}",,,,,,148.80829195030523,107.56255350447987,14.416723637578851,2.2405378289690607,0.22077158298793112
2,590,2398,,"{""TN"":0.07885622229126543,""TP"":0.17025469281662842}",,,,,,338.61876831597726,335.09568432812756,26.424379772222537,91.88902756701627,15.644538161641055
2,329,826,,"{""TN"":0.13707028504730306,""TP"":0.40433499145709983}",,,,,,690.7907895385569,500.902202121654,68.65880762563692,9.299798128765165,3.760233796947016
2,590,1795,,"{""TN"":0.30968618518965363,""TP"":0.4383957225712836}",,,,,,694.4328204599575,147.80133894865835,45.77203282493298,2.863761964180408,1.2554609955590286
2,340,1521,,"{""TN"":0.13944272139540687,""TP"":0.42519865391501366}",,,,,,301.879961826713,50.602215688212596,7.056110664201715,11.83665349561564,5.0329291331942105
2,329,2524,,"{""TN"":0.34332263588804324,""TP"":0.14900892579123448}",,,,,,203.49306687155791,66.42507543995852,22.80523198910868,3.1066484325620696,0.46291834574709634
2,329,98,,"{""TN"":0.42047662821634646,""TP"":0.13221696174109213}",,,,,,451.4755787016817,42.397546731261684,17.827177494205895,53.366929906408686,7.056013329675182
2,590,2410,,"{""TN"":0.08173135858891678,""TP"":0.248107945921608}",,,,,,86.00923782915437,20.00297188720588,1.6348700681572452,5.033676556873605,1.2488951509596624
2,329,577,,"{""TN"":0.08715984924950379,""TP"":0.1909337003008928}",,,,,,516.1374761431125,422.6693019890958,36.839792643762586,52.38568134732982,10.002191982429142
2,329,2290,,"{""TN"":0.11453264937848456,""TP"":0.4558793916330832}",,,,,,278.7119696342077,77.97122181032525,8.93025060921403,0.319656104381798,0.1457246303973754
2,590,712,,"{""TN"":0.13032167514261384,""TP"":0.13779293661409292}",,,,,,23.757045031184745,9.725659870782572,1.267464286227682,0.12292724187612948,0.016938505647982778
2,329,442,,"{""TN"":0.23440239549667624,""TP"":0.43667748893115393}",,,,,,1500.0348680546442,2662.9041604435874,624.1911141860423,78.0686418746564,34.090818498090485
2,329,457,,"{""TN"":0.09383260505242662,""TP"":0.46769061689996605}",,,,,,630.0584414887026,1151.608945421393,108.05846735056708,87.75930430169483,41.044203167571496
2,590,2135,,"{""TN"":0.12284575243180608,""TP"":0.09219699140607096}",,,,,,399.30489797095373,671.9509814877962,82.54632391815892,43.43245428991724,4.00434161491207
2,329,2223,,"{""TN"":0.0528688826684943,""TP"":0.2960364212728823}",,,,,,334.23149045317035,286.7274910521343,15.158962082267038,16.15586616286497,4.782724801418199
2,340,1456,,"{""TN"":0.20530991337294635,""TP"":0.1680825457301629}",,,,,,668.46136797125,211.61571804736718,43.4468047406588,12.28413084051543,2.0647479837562392
2,340,1936,,"{""TN"":0.37371343798329615,""TP"":0.37473647262539644}",,,,,,982.4201893926805,409.0891696829853,152.88212004396044,4.6677083998753615,1.7491605810132265
2,590,2492,,"{""TN"":0.1156695993805863,""TP"":0.16446376550729677}",,,,,,3525.447403959722,1214.5045486577872,140.481254589146,99.3663795562786,16.34216894665285
2,590,1354,,"{""TN"":0.2693590210686871,""TP"":0.14388171782603865}",,,,,,1297.7175007366416,263.1904004215913,70.8927086122356,6.358026738033589,0.9148038090521577
2,340,1878,,"{""TN"":0.44390766128133763,""TP"":0.1532638693408297}",,,,,,573.020867354107,417.7147797933075,185.4267909806961,0.2373179344754434,0.03637226490167994
2,590,1285,,"{""TN"":0.12969900782029534,""TP"":0.1499920240598938}",,,,,,6283.318756503504,732.5907565982694,95.01629426911502,212.4484138127776,31.865567596092415
2,340,2378,,"{""TN"":0.11296505567163637,""TP"":0.4688206894905377}",,,,,,1302.9337210529943,1816.6135791305528,205.2138541003335,110.47874991051407,51.794723707099884
2,329,928,,"{""TN"":0.19086016119990068,""TP"":0.30427969985161635}",,,,,,219.31632913616835,18.627091774997915,3.555169738861446,2.266857030673007,0.6897585768997089
2,340,2081,,"{""TN"":0.3914244455091019,""TP"":0.06741540552573971}",,,,,,1064.766280903504,164.43401684895753,64.36349386793752,13.498372030681505,0.9099982243856963
2,340,116,,"{""TN"":0.1040553115451144,""TP"":0.11691523464189466}",,,,,,687.2513670467505,375.05615992294287,39.02658556769607,12.598368631289942,1.4729412246323488
2,590,1758,,"{""TN"":0.2147016860818851,""TP"":0.21949384450832488}",,,,,,704.1184082884073,207.42670525261786,44.53486335614727,10.711263092834189,2.3510563157863067
2,340,2147,,"{""TN"":0.14033095419745614,""TP"":0.07909442412174295}",,,,,,270.17672123220984,328.89095468595957,46.15358149799302,35.5535745437755,2.8120895040093825
2,340,1573,,"{""TN"":0.0801853385790565,""TP"":0.39554648686375804}",,,,,,296.6681115520547,265.1776978474403,21.263363485511743,43.212645431260235,17.09261008842421
2,329,1631,,"{""TN"":0.4378202730657477,""TP"":0.3245300220849311}",,,,,,83.54846394424528,668.2142654686727,292.5577521739223,3.8753461466779116,1.2576661705681353
2,329,2401,,"{""TN"":0.1394682346952295,""TP"":0.3036692129377194}",,,,,,1225.5204786054671,314.9836126238969,43.9302084105809,23.191261413745423,7.042472100544975
2,329,814,,"{""TN"":0.09689915285200715,""TP"":0.25606613888550456}",,,,,,533.9518354822876,339.0651262260704,32.85512349296509,6.462151134099093,1.6547380898033393
2,656,1117,,"{""TN"":0.10292438134875179,""TP"":0.3776596754250709}",,,,2.015012177430087,5.689959524139092,23234.756975530316,202.21003909399968,20.81234317625683,140.23562220215527,52.961339563898825
2,329,230,,"{""TN"":0.4988892854953587,""TP"":0.16242638397057774}",,,,,,139.7214659315471,245.4726639608924,122.4636819320919,21.710199525597172,3.526309204222501
2,329,721,,"{""TN"":0.24137707210056175,""TP"":0.11894624988089184}",,,,,,1142.895301167938,1337.9191805585003,322.94301451039365,88.06824541664665,10.475387525900159
2,329,236,,"{""TN"":0.17770968468511456,""TP"":0.08815250595297403}",,,,,,358.8019121600595,336.8481679534539,59.861181713766804,2.073360540379841,0.18277192737849537
2,329,1805,,"{""TN"":0.378795691679249,""TP"":0.20558995064629135}",,,,,,164.09870598807987,306.6371530014072,116.15283246572375,0.7309236757715816,0.1502705624280853
2,590,2557,,"{""TN"":0.0786864184155035,""TP"":0.46764876952903006}",,,,,,1169.3438838215018,1786.7595875445168,140.5937125134403,11.382087533754762,5.322819229832127
2,329,286,,"{""TN"":0.0604853930232797,""TP"":0.25331424233652605}",,,,,,3077.1859186671577,1072.0945206274641,64.84605843825682,50.65840029460997,12.832494288609572
2,329,988,,"{""TN"":0.11826809777080283,""TP"":0.22456774395733556}",,,,,,618.5127113350935,388.14697938331165,45.90540490714729,171.64281016401318,38.54543864502967
2,329,578,,"{""TN"":0.1563929831353743,""TP"":0.3487232468442547}",,,,,,373.7260116731234,142.23147431646768,22.244004564094755,34.724598189933936,12.109274626155893
2,329,1874,,"{""TN"":0.25956758178228684,""TP"":0.29065111021188345}",,,,,,28.472958015070343,7.69322652000512,1.996912203901087,1.941498820479542,0.5642987876474411
2,590,1543,,"{""TN"":0.1246395737810008,""TP"":0.06674203680841295}",,,,,,4651.227592376211,1360.6085871396701,169.58567438385816,34.972227850192574,2.3341177184497575
2,590,163,,"{""TN"":0.2673709621725341,""TP"":0.45124423118875967}",,,,,,2121.604592114152,540.2381719500509,144.443999836616,44.29765270758599,19.989060239501317
2,329,2202,,"{""TN"":0.21506728019640242,""TP"":0.15899707698608578}",,,,,,462.5638074947764,126.64643221239498,27.237503722497838,20.01696145637318,3.1826383617064784
2,590,673,,"{""TN"":0.1326385543594974,""TP"":0.3511114655973202}",,,,,,1607.698739250803,518.8202689398119,68.81557044458229,6.9826003457190104,2.4516710410657563
2,656,828,,"{""TN"":0.06409231325743825,""TP"":0.2492462638844143}",,,,3.7921323404766287,45.124812750516924,78979.72321500767,6831.981410619106,437.8774927383946,82.21662751116808,20.492187236335194
2,590,291,,"{""TN"":0.2750365963712681,""TP"":0.08025727846508207}",,,,,,1156.4156161775468,17.9401835018773,4.93420700863231,10.572282640409984,0.8485026318829373
2,590,368,,"{""TN"":0.2197757750754002,""TP"":0.05084898101497595}",,,,,,396.0635714590446,150.80366224146982,33.14299175332789,1.2149257083496288,0.061777734278476486
2,329,1295,,"{""TN"":0.06045321664609883,""TP"":0.060627737579914194}",,,,,,835.0803019836718,955.9626995766184,57.79102018309481,31.169235916264174,1.8897202556977006
2,329,1846,,"{""TN"":0.13347907376307644,""TP"":0.11482026336886877}",,,,,,111.8925930789938,167.11162969402577,22.30590554659678,13.979913302843842,1.6051773273064822
2,329,73,,"{""TN"":0.17722959261323812,""TP"":0.12172604538056306}",,,,,,1723.7372685953328,1321.9041643738808,234.28053652572586,94.2191947855685,11.468929980188221
2,329,583,,"{""TN"":0.09469215086790303,""TP"":0.17170787362740692}",,,,,,412.67027494652507,202.14505839877953,19.1415503670983,37.01619172863647,6.355971571508577
2,329,85,,"{""TN"":0.35018917609850203,""TP"":0.47364413768662356}",,,,,,323.99490191644344,911.3057028438675,319.1293932527603,66.83733852070146,31.657113568906592
2,329,560,,"{""TN"":0.4344584224741433,""TP"":0.1720571491078617}",,,,,,800.0087230934867,1912.7561485441272,831.0130188741996,38.782233137253776,6.672760469632329
2,340,1988,,"{""TN"":0.22928870678498384,""TP"":0.18505699732287823}",,,,,,6066.490193421603,1065.281725553135,244.2570692137544,291.42038949403866,53.92938223843044
2,329,1961,,"{""TN"":0.28185031161394547,""TP"":0.2145972217765968}",,,,,,394.06607375462556,243.4911193358896,68.62804786004887,48.93314785345748,10.500917582135415
2,590,2364,,"{""TN"":0.45299248053741725,""TP"":0.3322427548783997}",,,,,,1046.5762920285858,552.6481963383261,250.34547732382794,25.511241737223507,8.47592523514395
2,329,1155,,"{""TN"":0.06074657978964686,""TP"":0.17316444589366603}",,,,,,276.4457968072938,40.10708361350647,2.4363681548579086,4.190774140316796,0.7256930818734626
2,590,11,,"{""TN"":0.09316232750235597,""TP"":0.20057130043115845}",,,,,,395.2632889237749,314.9737658455048,29.343689128349297,23.222471542550412,4.6577613165149065
2,340,1621,,"{""TN"":0.27092667539906695,""TP"":0.3545581366692417}",,,,,,982.3842055104944,657.4427936420672,178.1187903465201,4.15519074234444,1.4732566871109278
2,340,855,,"{""TN"":0.26476892386574424,""TP"":0.11773055304317201}",,,,,,1733.0810257736164,393.1109497032574,104.08356311277217,16.015175075681427,1.8854754187431986
2,590,1823,,"{""TN"":0.480518720192841,""TP"":0.2507284370891248}",,,,,,987.3221239349479,705.7953337847734,339.14787050833837,51.02839755335036,12.794270365714056
2,340,1721,,"{""TN"":0.37958490770537534,""TP"":0.3162191745282291}",,,,,,692.306920558427,1395.9410326792902,529.8781480517147,4.209796557674232,1.3312183923995262
2,329,653,,"{""TN"":0.39289461596142317,""TP"":0.06886687941007413}",,,,,,595.445357935809,335.94948639834206,131.99274444091395,33.32207629699372,2.294787410038356
2,340,1436,,"{""TN"":0.09953651277807296,""TP"":0.3861185727523877}",,,,,,220.54479391752702,81.35608559006936,8.097901052909936,119.93870276044284,46.31056072763505
2,590,2003,,"{""TN"":0.2898079858211927,""TP"":0.17285529892437987}",,,,,,314.07413717889256,115.9287608488291,33.597080680345904,5.044525731307514,0.8719730032168863
2,340,2150,,"{""TN"":0.13423624524791172,""TP"":0.46806975607472195}",,,,,,556.1513374526518,369.33665561325085,49.57836588194385,6.2280863977876315,2.9151788810247505
2,412,685,,"{""TN"":0.06718644041913377,""TP"":0.0821380775834695}",179.5991044035023,0.1915963245776563,0.1783518609879461,,,644.3421533667389,13.468424822878873,0.9048955219019337,2.0981092595960837,0.17233466114329887
2,590,2371,,"{""TN"":0.48570501896171225,""TP"":0.05505384278208758}",,,,,,666.2810334179816,350.8762292409458,170.4223455766877,1.5605477228832507,0.08591414898955926
2,590,312,,"{""TN"":0.4611843244156354,""TP"":0.14090846531113932}",,,,,,3341.0087027794693,749.2957811036097,345.56346859575405,18.568170449492584,2.616412401673648
2,340,1690,,"{""TN"":0.2616608955970665,""TP"":0.4856342236146011}",,,,,,547.850754826863,361.53522035908736,94.5996295490416,225.34037977472448,109.43300038091769
2,656,4,,"{""TN"":0.17419502523515096,""TP"":0.17927983035301487}",,,,1.9407880321017243,0.0,10391.847792851164,44.83212955447699,7.809533939087677,8.97654555542088,1.6093135643319652
2,590,2305,,"{""TN"":0.4680930499918783,""TP"":0.12007724158063514}",,,,,,751.1657121464473,1431.3127302140374,669.9875413780912,4.4685400442094165,0.5365699624012761
2,590,1774,,"{""TN"":0.4956016168696344,""TP"":0.1750212951757043}",,,,,,547.9737771808678,191.48934077773865,94.90242690274769,10.292876854594946,1.8014726381752368
2,329,458,,"{""TN"":0.4024222537357487,""TP"":0.37918958746665204}",,,,,,1212.9594867207004,117.48131477543888,47.277095463771026,19.00162760798528,7.205219333866885
2,340,2583,,"{""TN"":0.19819100452884797,""TP"":0.2327582781158632}",,,,,,646.57782769996,279.67666842473864,55.429399858380485,151.67180586108543,35.30286837094973
2,329,2032,,"{""TN"":0.0731388299882524,""TP"":0.10395549603102389}",,,,,,403.95647066101316,424.77495397505874,31.06754314204956,14.744131360000868,1.532733489075465
2,329,1863,,"{""TN"":0.15665233503213943,""TP"":0.06534036852375935}",,,,,,151.16456110750545,2.086440836155547,0.3268458288901759,7.324084413574507,0.4785583746820802
2,329,1333,,"{""TN"":0.19068744208037486,""TP"":0.129603624723724}",,,,,,212.40992847364805,1266.5039378364058,241.50639629074632,10.69092433206204,1.3855825450822983
2,329,171,,"{""TN"":0.1315618619400566,""TP"":0.13956840445228333}",,,,,,167.17711137010335,1.9910088221304285,0.26194082777855815,7.607991651977265,1.0618352559527582
2,329,1035,,"{""TN"":0.1659419302283545,""TP"":0.13705733397331266}",,,,,,56.544711306758764,195.86009926821646,32.50140292728496,0.38996928049438173,0.053448149916050916
2,329,2292,,"{""TN"":0.3319341822256502,""TP"":0.4751940149777423}",,,,,,153.45589034432973,763.334639879618,253.37685945295217,17.764349051073438,8.441512349045633
2,340,1810,,"{""TN"":0.1873895173047565,""TP"":0.4080692485348694}",,,,,,266.42961332923636,35.639488001737654,6.67846645363428,18.366968731214335,7.4949951280100775
2,329,2654,,"{""TN"":0.1684980376751466,""TP"":0.0558530796006213}",,,,,,384.55640900064975,96.51809316877254,16.263109299085144,11.008160525032057,0.6148396660610327
2,340,1327,,"{""TN"":0.19713426007625023,""TP"":0.053836779206895925}",,,,,,1117.7924672268396,548.5209735049183,108.13227624819653,75.07273840497147,4.0416744419655055
2,329,891,,"{""TN"":0.370866900830244,""TP"":0.3276670061560505}",,,,,,235.2756313508857,93.41196170056146,34.64340473636068,3.3479587709032796,1.097015627195768
2,340,2524,,"{""TN"":0.1671199538677324,""TP"":0.3120901951774348}",,,,,,96.16624272041138,43.61984345084983,7.289746225223732,2.643730086814973,0.8250822387905417
2,340,1923,,"{""TN"":0.44845308576052023,""TP"":0.3309016698449617}",,,,,,942.9143559945221,200.5356724352818,89.93084110866303,8.290159092073145,2.7432274868473954
2,656,1150,,"{""TN"":0.3419070400156833,""TP"":0.38437577450833527}",,,,1.343222734159403,5.208836510816206,25143.08235886615,192.81678738016694,65.92541703848623,16.814505424487635,6.463088545512039
2,412,872,,"{""TN"":0.06862132842562496,""TP"":0.23301603683147287}",390.3464812560909,0.41642162620399775,0.4090850721101861,,,973.4556766308176,45.17104606284377,3.0996971872074357,0.2939739925012985,0.06850065466417771
2,590,69,,"{""TN"":0.36294530646018464,""TP"":0.14568724903660374}",,,,,,765.3000118244055,227.7100504035426,82.64629402777786,10.909248016041024,1.5893383325150439
2,329,1626,,"{""TN"":0.269349203695617,""TP"":0.1802381178250243}",,,,,,1514.9426451137408,271.5838632216544,73.15089729533197,70.59063657448273,12.723123472255088
2,340,1927,,"{""TN"":0.37976191019524763,""TP"":0.1512516894185027}",,,,,,808.1543810429794,662.4008684100086,251.5546191023757,54.416346603460056,8.230564355756135
2,340,1618,,"{""TN"":0.3406176230606358,""TP"":0.08922031069131392}",,,,,,2642.5866460916304,913.0128014922612,310.9882502682261,57.75143827441893,5.152601265713895
2,329,2543,,"{""TN"":0.21972366602956636,""TP"":0.261237804699788}",,,,,,536.7108415331894,234.81625609579504,51.5946886327056,25.789194689960368,6.737112605780677
2,590,225,,"{""TN"":0.1487559604263327,""TP"":0.14385433211012089}",,,,,,494.9232631390334,313.31250636121854,46.60710279734454,50.212279289274974,7.223253900885507
2,590,2661,,"{""TN"":0.1548297109561274,""TP"":0.12800161428347281}",,,,,,3273.2626137340944,575.7302225114256,89.14014394015095,185.99406208040108,23.807540193431795
2,590,1134,,"{""TN"":0.4407300377656011,""TP"":0.3556708053561155}",,,,,,800.994122335914,346.7373372239068,152.81755972943643,27.10386023520721,9.640051798115744
2,656,1883,,"{""TN"":0.16198775989513003,""TP"":0.4289414018295885}",,,,1.350117365908214,8.624023827774112,9356.326385549879,274.8577435118918,44.523590161321565,1.0218214544485518,0.4383015270907108
2,340,1285,,"{""TN"":0.16852271710583244,""TP"":0.44922872848464873}",,,,,,2903.7521866284283,637.5744623291544,107.4457807489993,180.5828462166852,81.12300239206036
2,340,2549,,"{""TN"":0.2988869282445028,""TP"":0.47941133369030076}",,,,,,926.3943093643799,296.32159723249447,88.56665196932504,135.9051290915462,65.15445919313066
2,656,2411,,"{""TN"":0.28510606162547847,""TP"":0.36935830837436423}",,,,0.9409638419531321,14.329955601855996,10129.764700484859,1506.2018000149476,429.42726321546826,37.872555181482866,13.988542915647274
2,329,2210,,"{""TN"":0.26864853342811346,""TP"":0.45893521269135057}",,,,,,526.8472857372814,1563.2305036128118,419.95958220567314,37.99208884747534,17.43590737580478
2,340,2558,,"{""TN"":0.15410526406475528,""TP"":0.27816419887830945}",,,,,,384.68154278538873,36.45762782875991,5.618312363725616,25.4457331406033,7.078091973927166
2,590,1830,,"{""TN"":0.3971034979648036,""TP"":0.10380311027119997}",,,,,,350.22479354227005,396.9611051001988,157.63464339126298,14.025284708109156,1.4558681751408293
2,329,141,,"{""TN"":0.09126008565379522,""TP"":0.1455790974161334}",,,,,,1091.5032119075356,662.9091906480387,60.497149519228074,10.99013690006798,1.599934210391639
2,590,2544,,"{""TN"":0.05019451494873666,""TP"":0.24081454480326325}",,,,,,1021.4362724889735,565.0586736239155,28.36284604012894,272.60278088024376,65.64671458977962
2,329,1008,,"{""TN"":0.4657644546872226,""TP"":0.2802432391343745}",,,,,,390.64883183475274,935.5042893405758,435.72464518227105,244.84549518428759,68.61629465790465
2,590,1724,,"{""TN"":0.067747737227626,""TP"":0.38959260070557455}",,,,,,1210.8439076862567,621.5782091821088,42.110517182087854,8.430492024237472,3.28445731295028
2,590,411,,"{""TN"":0.05055483709936919,""TP"":0.3446514442237354}",,,,,,317.3399031180958,732.4999247728799,37.03141437219313,11.67119175833594,4.022493095322639
2,329,1657,,"{""TN"":0.41766562969487697,""TP"":0.3935638983377292}",,,,,,4286.087419177221,14453.542823179581,6036.748064565169,217.04277490707403,85.42020059846632
2,340,1021,,"{""TN"":0.2814097556595708,""TP"":0.19909093961237379}",,,,,,507.44688760245316,347.525692619381,97.79712024544312,10.705995394841944,2.131466682644829
2,329,2562,,"{""TN"":0.05064222949769159,""TP"":0.441014182302465}",,,,,,110.08990789269644,119.53567347863353,6.053553009466086,12.863224566384808,5.6728644639171755
2,340,1966,,"{""TN"":0.17138170220781257,""TP"":0.2870367378882479}",,,,,,546.178287486882,869.3674231259971,148.99366881935302,5.165592080405809,1.4827147000210514
2,340,1881,,"{""TN"":0.11273834814196185,""TP"":0.053487395078114855}",,,,,,909.8523787337242,187.07264964173015,21.09026150314863,30.668260721242454,1.6403653775557268
2,590,662,,"{""TN"":0.24182594370075244,""TP"":0.10334734511961696}",,,,,,132.8142911078607,75.83099797846626,18.337902647912454,2.9390665909634044,0.3037447293058311
2,329,605,,"{""TN"":0.4329248370317278,""TP"":0.3315537317098962}",,,,,,726.3139103219428,977.8217751771853,423.3233326646577,122.32968384861836,40.558863178901234
2,340,755,,"{""TN"":0.35176939057996065,""TP"":0.24073423072867392}",,,,,,472.6443597113256,311.66821265436795,109.6353372285726,32.70808142299562,7.873954819975681
2,329,2615,,"{""TN"":0.3804485175224923,""TP"":0.23537410452333793}",,,,,,487.4267007905483,513.9034734591897,195.5138146272082,9.312438982320339,2.1919069863918743
2,329,142,,"{""TN"":0.13928484091327203,""TP"":0.31728700788852476}",,,,,,1017.9662142316307,1117.0788460974645,155.59214936626685,14.561432573034642,4.620153371668664
2,329,1222,,"{""TN"":0.27592811460074457,""TP"":0.19058148314002238}",,,,,,701.2212980903732,371.16365042768643,102.41448627084135,29.02942900918968,5.53247163527936
2,656,204,,"{""TN"":0.06003527342248438,""TP"":0.11242890676891527}",,,,1.4900238771559957,17.473449460252603,15262.992628452643,389.0191472790882,23.35487087348178,14.757311986966151,1.6591484535424132
2,590,413,,"{""TN"":0.247360034786087,""TP"":0.06934358353761882}",,,,,,290.56022056691216,513.7424480642576,127.07934982426426,4.286210062483514,0.29722116552760797
2,590,559,,"{""TN"":0.08237538419271559,""TP"":0.2588331052184211}",,,,,,774.6577790196014,149.22985657831495,12.29286676866254,36.70008615932238,9.49919726240101
2,590,1550,,"{""TN"":0.15238456334494585,""TP"":0.34925982392664723}",,,,,,924.3002498110429,5.787659028002908,0.8819498937716569,312.3076053798617,109.07649926592332
2,329,1772,,"{""TN"":0.1181366615756947,""TP"":0.07508490781325523}",,,,,,114.8546369986585,153.77238529677456,18.166156241492388,6.711818924688655,0.5039563052195095
2,590,2573,,"{""TN"":0.12348777499130219,""TP"":0.21748834210247775}",,,,,,2088.3502654830054,942.4060675284322,116.37562841738898,73.44004774312569,15.972354227579219
2,329,946,,"{""TN"":0.3310291517436238,""TP"":0.11823629442594012}",,,,,,219.12967733999912,132.8302903781783,43.97069834974759,92.76436659272923,10.968114960693777
2,340,564,,"{""TN"":0.3141582413390024,""TP"":0.32435891577274545}",,,,,,64.91779377929117,17.71864031178339,5.566456879268222,9.028499620847283,2.928474348072668
2,590,486,,"{""TN"":0.46878045461758266,""TP"":0.2867482020866635}",,,,,,957.7548570221751,118.88120171492832,55.72918378540865,2.7280738107105833,0.7822702603809726
2,590,2667,,"{""TN"":0.4995715452235259,""TP"":0.27549467558465685}",,,,,,625.0914596927626,727.3765291750673,363.37661663931345,12.2739712785079,3.38141373550793
2,590,2461,,"{""TN"":0.0830336220031207,""TP"":0.1408167940396295}",,,,,,308.31680535834903,216.96345716826912,18.015261691000326,33.94300840235414,4.779745623279716
2,340,2293,,"{""TN"":0.1412134317422285,""TP"":0.21127319257744304}",,,,,,194.60176184692338,218.42591697903237,30.844673318052255,16.109983492578287,3.403607644846921
2,329,2578,,"{""TN"":0.1071301172087724,""TP"":0.13124622134712247}",,,,,,575.3805974822257,310.7205965011448,33.28753392234732,20.441793016490934,2.6829080909744314
2,329,1700,,"{""TN"":0.1494804102164045,""TP"":0.4404106178053165}",,,,,,1579.141771914522,543.7513013151621,81.2801675762942,42.127530940652505,18.553411928185355
2,329,1926,,"{""TN"":0.48869609045588736,""TP"":0.32604217807178365}",,,,,,145.4614074496096,38.21080328280094,18.673470177483804,0.3742635074430045,0.1220256891395024
2,590,2576,,"{""TN"":0.34397911612660004,""TP"":0.360197672972049}",,,,,,843.6066047970265,507.2422312170828,174.48073435613662,68.98315299174608,24.84757118190178
2,340,1361,,"{""TN"":0.257237747320309,""TP"":0.16097496450772164}",,,,,,683.2557334451295,230.97361813478122,59.4151332194124,13.632729445619873,2.194528138652031
2,340,2543,,"{""TN"":0.397984150456128,""TP"":0.13444057130242826}",,,,,,451.1932485074407,183.22156746308946,72.9192798720378,19.05208208417969,2.561372799897876
2,329,109,,"{""TN"":0.1863382718445421,""TP"":0.14607533853330457}",,,,,,1226.3208798143785,509.9612789560204,95.02530342829729,9.487437396040209,1.385880629440107
2,340,1302,,"{""TN"":0.1544213584739827,""TP"":0.0805888201549712}",,,,,,1128.2930618127596,822.3591148035182,126.98981166142117,196.57899180501934,15.84206901682026
2,329,559,,"{""TN"":0.3176009874354366,""TP"":0.41683347626213674}",,,,,,628.8297013716119,136.9369898096524,43.49132317998192,27.200888896921374,11.338241076323895
2,329,1436,,"{""TN"":0.05174344855032521,""TP"":0.2882824887726767}",,,,,,209.5347931818344,73.25818453715942,3.7906311024887387,73.62814203280779,21.225704028925957
2,412,671,,"{""TN"":0.08484803848125022,""TP"":0.05648694796987939}",228.36159550277893,0.2436161500823646,0.18301171936209992,,,514.5205841769724,22.550276693761145,1.9133467446750856,0.2622198397208327,0.014811998442980787
2,340,1055,,"{""TN"":0.17121956433599633,""TP"":0.48333277446113015}",,,,,,534.9592964396398,156.7772855427168,26.843338528404068,2.142908845637632,1.0357380777793344
2,329,1271,,"{""TN"":0.15981318778431258,""TP"":0.2667368899761191}",,,,,,155.55738201843627,265.2070044415909,42.38357680253899,7.588735516564479,2.024195710539727
2,329,408,,"{""TN"":0.4216818662713096,""TP"":0.4409233450524881}",,,,,,1491.2517906225307,325.09590664499007,137.08704863122284,60.93366164009852,26.867073916648717
2,590,1423,,"{""TN"":0.4558134390604319,""TP"":0.05700877688214027}",,,,,,295.84066424339414,27.362985635345172,12.472416585407881,4.9254752612653645,0.2807953202079787
2,656,548,,"{""TN"":0.4577396057799046,""TP"":0.381311570645592}",,,,0.659966763168909,18.615577100583444,3685.920180826136,132.2239337337605,60.52413130195976,4.2948937080914025,1.6376926655882034
2,329,505,,"{""TN"":0.37580402723498496,""TP"":0.4301785118693422}",,,,,,925.1426205014689,341.9336922436436,128.5000585924892,19.261376748266137,8.285830386123877
2,329,1048,,"{""TN"":0.058092145560174474,""TP"":0.4183815518312613}",,,,,,187.7186717413269,199.98585993454293,11.617607685294132,3.2216896431292015,1.3478955124110976
2,329,535,,"{""TN"":0.3263380249394148,""TP"":0.4225493476362865}",,,,,,101.94653259683416,128.19358822589714,41.83444239153589,23.76952637923206,10.04379786516801
2,590,463,,"{""TN"":0.23053581149814062,""TP"":0.15973160569757705}",,,,,,280.3092692367417,177.09311379067802,40.826304698466515,61.696828969348694,9.854933557722855
2,329,2669,,"{""TN"":0.11536559245314958,""TP"":0.07737783344814586}",,,,,,380.3446266102846,754.7310392660695,87.0699934877114,45.706698486795275,3.536685302975865
2,340,665,,"{""TN"":0.118895411214121,""TP"":0.08503391147987927}",,,,,,143.1336590484156,33.0467639843633,3.9291085932168786,62.542056352731876,5.318195683667823
2,329,1304,,"{""TN"":0.3975260410094388,""TP"":0.12619861590041342}",,,,,,457.82503477088164,433.42716182504864,172.29858370626894,12.438340053891189,1.5697012988997416
2,590,2435,,"{""TN"":0.10429497016546545,""TP"":0.1237253438706114}",,,,,,2009.413395279225,272.48632388298154,28.418953019872916,1.6538885860796742,0.20462793403638696
2,340,378,,"{""TN"":0.07210916360943433,""TP"":0.2636897807997493}",,,,,,1048.616450527087,163.18142674125016,11.766876198905729,17.470776881015396,4.606865326156278
2,590,695,,"{""TN"":0.37516130473943055,""TP"":0.07323812160952138}",,,,,,1293.2691722305526,305.3540362384324,114.55701864266166,42.03584781685412,3.078626534370096
2,590,183,,"{""TN"":0.3456812866835872,""TP"":0.3119270782128303}",,,,,,911.2073458914823,422.73148543201256,146.1303638058022,8.415665756815349,2.625074030739179
2,590,765,,"{""TN"":0.45366599493223686,""TP"":0.3436932856245385}",,,,,,1711.8502170720496,1129.0807492632373,512.225541473342,53.87596411863232,18.516807124122483
