field,s1-All CPS,s1-Constructed Wetland(656),s1-Cover Crop(340),s1-Grassed Waterway(412),s1-Nutrient Management(590),s1-Residue Management (No-Till)(329),s2-All CPS,s2-Constructed Wetland(656),s2-Cover Crop(340),s2-Nutrient Management(590),s2-Residue Management (No-Till)(329),s3-All CPS,s3-Constructed Wetland(656),s3-Cover Crop(340),s3-Grassed Waterway(412),s3-Nutrient Management(590),s3-Residue Management (No-Till)(329),s4-All CPS,s4-Constructed Wetland(656),s4-Cover Crop(340),s4-Grassed Waterway(412),s4-Nutrient Management(590),s4-Residue Management (No-Till)(329),s5-All CPS,s5-Constructed Wetland(656),s5-Cover Crop(340),s5-Nutrient Management(590),s5-Residue Management (No-Till)(329)
bmp_count,1000,3,196,1,316,484,1000,8,209,310,473,1000,5,191,1,310,493,1000,11,185,1,307,496,1000,4,186,308,502
buffer_area_ha_count,1.0,,,1.0,,,,,,,,1.0,,,1.0,,,1.0,,,1.0,,,,,,,
buffer_area_ha_max,0.23008510508761187,,,0.23008510508761187,,,,,,,,0.4388653746205995,,,0.4388653746205995,,,1.2166195372266646,,,1.2166195372266646,,,,,,,
buffer_area_ha_mean,0.23008510508761187,,,0.23008510508761187,,,,,,,,0.4388653746205995,,,0.4388653746205995,,,1.2166195372266646,,,1.2166195372266646,,,,,,,
buffer_area_ha_min,0.23008510508761187,,,0.23008510508761187,,,,,,,,0.4388653746205995,,,0.4388653746205995,,,1.2166195372266646,,,1.2166195372266646,,,,,,,
buffer_area_ha_p25,0.23008510508761187,,,0.23008510508761187,,,,,,,,0.4388653746205995,,,0.4388653746205995,,,1.2166195372266646,,,1.2166195372266646,,,,,,,
buffer_area_ha_p50,0.23008510508761187,,,0.23008510508761187,,,,,,,,0.4388653746205995,,,0.4388653746205995,,,1.2166195372266646,,,1.2166195372266646,,,,,,,
buffer_area_ha_p75,0.23008510508761187,,,0.23008510508761187,,,,,,,,0.4388653746205995,,,0.4388653746205995,,,1.2166195372266646,,,1.2166195372266646,,,,,,,
buffer_area_ha_std,,,,,,,,,,,,,,,,,,,,,,,,,,,,
catchment_ratio_count,3.0,3.0,,,,,8.0,8.0,,,,5.0,5.0,,,,,11.0,11.0,,,,,4.0,4.0,,,
catchment_ratio_max,3.559643646354219,3.559643646354219,,,,,40.499703208179994,40.499703208179994,,,,28.295266762141313,28.295266762141313,,,,,43.099911220136235,43.099911220136235,,,,,17.129387954465717,17.129387954465717,,,
catchment_ratio_mean,2.6573133148948327,2.6573133148948327,,,,,9.33696001809983,9.33696001809983,,,,10.358761885645368,10.358761885645368,,,,,8.690336300046452,8.690336300046452,,,,,6.161998046441668,6.161998046441668,,,
catchment_ratio_min,1.4253917406915844,1.4253917406915844,,,,,1.3081088075896243,1.3081088075896243,,,,1.3363887572516608,1.3363887572516608,,,,,1.4407573865858967,1.4407573865858967,,,,,1.084746216951026,1.084746216951026,,,
catchment_ratio_p25,2.20614814916514,2.20614814916514,,,,,3.31942716967823,3.31942716967823,,,,1.4727644339089343,1.4727644339089343,,,,,1.9778243181409239,1.9778243181409239,,,,,1.6963121100336451,1.6963121100336451,,,
catchment_ratio_p50,2.9869045576386957,2.9869045576386957,,,,,5.058979818781333,5.058979818781333,,,,1.495318083691608,1.495318083691608,,,,,2.1010431421784803,2.1010431421784803,,,,,3.216929007174963,3.216929007174963,,,
catchment_ratio_p75,3.2732741019964573,3.2732741019964573,,,,,7.820461006089694,7.820461006089694,,,,19.194071391233326,19.194071391233326,,,,,4.393207403459915,4.393207403459915,,,,,7.682614943582985,7.682614943582985,,,
catchment_ratio_std,1.1046404798287222,1.1046404798287222,,,,,12.889627211413853,12.889627211413853,,,,12.636313790567204,12.636313790567204,,,,,14.175986544486,14.175986544486,,,,,7.458255225952548,7.458255225952548,,,
cost_usd_count,1000,3,196,1,316,484,1000,8,209,310,473,1000,5,191,1,310,493,1000,11,185,1,307,496,1000,4,186,308,502
cost_usd_max,169464.93149318895,169464.93149318895,18724.299310964063,28421.20418466648,14936.468399394376,9658.055544986222,135447.5125895917,135447.5125895917,13817.07446609361,7031.412773855399,9465.114157553906,134393.894146428,134393.894146428,25736.160035188037,80394.56239041196,20689.913380460308,6427.272353738018,485281.5462656384,485281.5462656384,19435.207407694652,156168.36911415603,17116.38253868791,9499.750363180226,522029.61688273994,522029.61688273994,16733.620797804353,9149.243112971768,11416.81057560327
cost_usd_mean,1699.5959161066637,121377.56435591284,2403.2884605860163,28421.20418466648,1434.6205955172452,790.6144057767565,1977.0590107997036,75637.83446331705,2591.88579343135,1365.799821167704,860.1569972600996,1810.9390869180759,55743.274912891284,2858.473406102501,80394.56239041196,1625.822937735115,815.1209304254442,3685.0753651621826,194880.18953226806,2754.0234529192194,156168.36911415603,1515.3491510351105,827.6580303129908,2111.841285814048,168776.46240302388,2865.658369728692,1511.547208526309,872.8415123631729
cost_usd_min,0.5431350632495195,72921.31002681721,0.5808774949625349,28421.20418466648,0.5431350632495195,0.7162661532144199,0.12441568564608696,18477.661192552467,1.8692164673817533,0.4562968904665139,0.12441568564608696,0.01740615359467305,14883.037023918361,7.062243650631251,80394.56239041196,0.4924960720959726,0.01740615359467305,1.5600793475183277,19728.549299828952,19.156965439222038,156168.36911415603,1.7903371026953248,1.5600793475183277,0.039163670644704655,16978.741792352543,0.6156128264648103,0.039163670644704655,0.36267199394534555
cost_usd_p25,420.63607791713974,97333.88078727477,1113.200960343141,28421.20418466648,529.5147456899251,321.02226420051807,468.2501087079554,50050.33077793233,1164.507333378973,518.2310455439151,356.5535794930399,449.9780083716723,23818.24815026938,1106.0116113195504,80394.56239041196,596.2691136884627,340.3046301571969,437.8468893416944,61431.970627188246,1285.6954243719754,156168.36911415603,570.5350253391848,344.85909750140047,479.0337562885579,24116.46086080363,1149.6752962314827,573.881095393557,364.06212057197143
cost_usd_p50,827.163004155583,121746.45154773231,1797.4916053816232,28421.20418466648,927.2628868250479,568.1695830232519,877.3447535394682,58387.232732443335,2015.306852476606,909.7831488302063,599.9278609524468,877.1395610423658,38294.27956703848,1929.4484337010156,80394.56239041196,1026.047733096992,584.2852252860187,924.1157599155024,104832.39236321079,2032.9514163975825,156168.36911415603,1066.8569557135945,568.3752745858685,880.402242177571,68048.74546850153,2175.1043432481833,1083.6184987825554,628.5546239306989
cost_usd_p75,1572.6471576190431,145605.69152046065,2988.1725906573943,28421.20418466648,1732.9708897837659,933.7527502484012,1750.7090079529141,115744.50497449658,3179.247384705289,1710.851709582514,1020.1693810186316,1647.3247925921096,67326.91567680216,3567.941127323265,80394.56239041196,1841.8209813608896,998.8942856641875,1759.2987350141086,364771.8352690665,3186.064119384346,156168.36911415603,1961.969166093777,1027.8319753044464,1698.7018128810487,212708.7470107218,3523.4293390923262,1763.6932938933924,1005.4699348976314
cost_usd_std,7152.142756150366,48272.86784292741,2304.7497904868096,,1641.3970176547368,857.7149544399009,7653.064486919444,42098.02289106703,2186.158526157966,1332.4798739122905,885.6616579182573,5840.815848918301,48252.80937904883,3025.9593612496246,,2002.205055951105,856.898560606904,27698.89532665048,182507.0782950197,2582.620296657647,,1569.1409450442638,870.03912409441,16926.179260932397,239148.34735933147,2755.6464860935484,1470.8459976960883,967.1070443900306
cps,0,656,340,412,590,329,0,656,340,590,329,0,656,340,412,590,329,0,656,340,412,590,329,0,656,340,590,329
cps_name,All CPS,Constructed Wetland,Cover Crop,Grassed Waterway,Nutrient Management,Residue Management (No-Till),All CPS,Constructed Wetland,Cover Crop,Nutrient Management,Residue Management (No-Till),All CPS,Constructed Wetland,Cover Crop,Grassed Waterway,Nutrient Management,Residue Management (No-Till),All CPS,Constructed Wetland,Cover Crop,Grassed Waterway,Nutrient Management,Residue Management (No-Till),All CPS,Constructed Wetland,Cover Crop,Nutrient Management,Residue Management (No-Till)
efficiency_TN_count,1000,3,196,1,316,484,1000,8,209,310,473,1000,5,191,1,310,493,1000,11,185,1,307,496,1000,4,186,308,502
efficiency_TN_max,1.0,1.0,1.0,1.0,1.0,1.0,1.0,1.0,1.0,1.0,1.0,1.0,1.0,1.0,1.0,1.0,1.0,1.0,1.0,1.0,1.0,1.0,1.0,1.0,1.0,1.0,1.0,1.0
efficiency_TN_mean,0.9824928587101025,1.0,0.9851797869101204,1.0,0.9773463396547728,0.9846202007124187,0.9856224500477873,0.9757437125300532,0.9848935512788262,0.9851934623477951,0.9863927585675597,0.9852797456818357,0.8430616421068283,0.9807145479349433,1.0,0.9862203764057652,0.9878694566530226,0.993777726681542,1.0,0.9936130814915531,1.0,0.9941213451281509,0.9934759146194805,0.9873379413019272,0.9324295815883312,0.9878812036434762,0.9851040576868965,0.9889447596221578
efficiency_TN_min,0.003358223075514172,1.0,0.003358223075514172,1.0,0.006619030683956132,0.019461545356877934,0.0033582230755141718,0.8473340445209873,0.01173997401814284,0.006619030683956132,0.0033582230755141718,0.0005717241066235435,0.21530821053414215,0.04830599776475131,1.0,0.009030775189038205,0.0005717241066235435,0.0317216370098815,1.0,0.15579260037344916,1.0,0.04737811585432714,0.0317216370098815,0.0004413391667982655,0.7297183263533247,0.004757195158919949,0.0004413391667982655,0.009030775189038205
efficiency_TN_p25,1.0,1.0,1.0,1.0,1.0,1.0,1.0,0.9896539139298596,1.0,1.0,1.0,1.0,1.0,1.0,1.0,1.0,1.0,1.0,1.0,1.0,1.0,1.0,1.0,1.0,0.9324295815883312,1.0,1.0,1.0
efficiency_TN_p50,1.0,1.0,1.0,1.0,1.0,1.0,1.0,1.0,1.0,1.0,1.0,1.0,1.0,1.0,1.0,1.0,1.0,1.0,1.0,1.0,1.0,1.0,1.0,1.0,1.0,1.0,1.0,1.0
efficiency_TN_p75,1.0,1.0,1.0,1.0,1.0,1.0,1.0,1.0,1.0,1.0,1.0,1.0,1.0,1.0,1.0,1.0,1.0,1.0,1.0,1.0,1.0,1.0,1.0,1.0,1.0,1.0,1.0,1.0
efficiency_TN_std,0.11198904673358012,0.0,0.0998543080425464,,0.12960356675353865,0.10455862137409332,0.10712539750578558,0.05386838200552789,0.11512965674792065,0.106296205313754,0.10490584606225452,0.1041562719003022,0.3509248365263223,0.1180260083497949,,0.10074346416009544,0.09513935385433285,0.06819748749769218,0.0,0.0667148254147597,,0.0684069629406344,0.06955565768967674,0.097057182542581,0.13514083682333766,0.09907315049776806,0.10982080092321898,0.0873480146558867
efficiency_TP_count,1000,3,196,1,316,484,1000,8,209,310,473,1000,5,191,1,310,493,1000,11,185,1,307,496,1000,4,186,308,502
efficiency_TP_max,1.0,1.0,1.0,1.0,1.0,1.0,1.0,1.0,1.0,1.0,1.0,1.0,1.0,1.0,1.0,1.0,1.0,1.0,1.0,1.0,1.0,1.0,1.0,1.0,1.0,1.0,1.0,1.0
efficiency_TP_mean,0.9831249809361766,1.0,0.9857039780772221,1.0,0.9774429835753209,0.9856508645108257,0.9864060767156532,0.9771326981915327,0.9848610001542463,0.9861432808298027,0.9874178626652104,0.9855116151773814,0.8550336627972218,0.9809931115381708,1.0,0.9862811120134677,0.9880722471306891,0.9938503687856904,1.0,0.9936156066332795,1.0,0.9941213451281509,0.9936214286374826,0.9873024529505171,0.9324295815883312,0.98769040605525,0.9851040576868965,0.9889447596221578
efficiency_TP_min,0.003358223075514172,1.0,0.003358223075514172,1.0,0.006619030683956132,0.019461545356877934,0.003358223075514172,0.8584459298128228,0.010789974214849368,0.006619030683956132,0.003358223075514172,0.0005717241066235435,0.2751683139861096,0.049903870058206484,1.0,0.009030775189038205,0.0005717241066235435,0.0355806955894073,1.0,0.15579260037344916,1.0,0.04737811585432714,0.0355806955894073,0.00044133916679826553,0.7297183263533247,0.004757195158919949,0.00044133916679826553,0.009030775189038205
efficiency_TP_p25,1.0,1.0,1.0,1.0,1.0,1.0,1.0,0.9896539139298596,1.0,1.0,1.0,1.0,1.0,1.0,1.0,1.0,1.0,1.0,1.0,1.0,1.0,1.0,1.0,1.0,0.9324295815883312,1.0,1.0,1.0
efficiency_TP_p50,1.0,1.0,1.0,1.0,1.0,1.0,1.0,1.0,1.0,1.0,1.0,1.0,1.0,1.0,1.0,1.0,1.0,1.0,1.0,1.0,1.0,1.0,1.0,1.0,1.0,1.0,1.0,1.0
efficiency_TP_p75,1.0,1.0,1.0,1.0,1.0,1.0,1.0,1.0,1.0,1.0,1.0,1.0,1.0,1.0,1.0,1.0,1.0,1.0,1.0,1.0,1.0,1.0,1.0,1.0,1.0,1.0,1.0,1.0
efficiency_TP_std,0.10956212873549497,0.0,0.0967162386375236,,0.12954277602013278,0.1003716511805215,0.10582654469807232,0.05009549566590946,0.11538715162579712,0.10500892142669407,0.10284246655763071,0.10303914713226167,0.3241545844345685,0.11674183772214285,,0.10064871457789745,0.09428626338601101,0.06790447386650664,0.0,0.06670223724876405,,0.0684069629406344,0.06897975808734316,0.09721160086454682,0.13514083682333766,0.09988824027457303,0.10982080092321898,0.0873480146558867
failures_count,224,1,55,0,69,99,242,2,46,76,118,246,0,54,0,74,118,243,4,42,0,75,122,240,0,47,71,122
linear_length_m_count,1.0,,,1.0,,,,,,,,1.0,,,1.0,,,1.0,,,1.0,,,,,,,
linear_length_m_max,215.6778262913497,,,215.6778262913497,,,,,,,,411.3848655986122,,,411.3848655986122,,,1140.438261367327,,,1140.438261367327,,,,,,,
linear_length_m_mean,215.6778262913497,,,215.6778262913497,,,,,,,,411.3848655986122,,,411.3848655986122,,,1140.438261367327,,,1140.438261367327,,,,,,,
linear_length_m_min,215.6778262913497,,,215.6778262913497,,,,,,,,411.3848655986122,,,411.3848655986122,,,1140.438261367327,,,1140.438261367327,,,,,,,
linear_length_m_p25,215.6778262913497,,,215.6778262913497,,,,,,,,411.3848655986122,,,411.3848655986122,,,1140.438261367327,,,1140.438261367327,,,,,,,
linear_length_m_p50,215.6778262913497,,,215.6778262913497,,,,,,,,411.3848655986122,,,411.3848655986122,,,1140.438261367327,,,1140.438261367327,,,,,,,
linear_length_m_p75,215.6778262913497,,,215.6778262913497,,,,,,,,411.3848655986122,,,411.3848655986122,,,1140.438261367327,,,1140.438261367327,,,,,,,
linear_length_m_std,,,,,,,,,,,,,,,,,,,,,,,,,,,,
removed_TN_count,1000,3,196,1,316,484,1000,8,209,310,473,1000,5,191,1,310,493,1000,11,185,1,307,496,1000,4,186,308,502
removed_TN_max,1927.721742335001,11.632809187341662,1333.7385985008546,56.404086715503944,1927.721742335001,1182.6395806759926,2726.640313541209,157.49990190936717,1597.0435093962553,2726.640313541209,1091.7493220477443,4486.16001572557,64.71921025772556,2133.508415669638,16.177457825123714,4486.16001572557,1640.5651802722787,3321.708710263012,632.8502479221623,3321.708710263012,0.7302993699794086,2491.579652811661,795.8814779957321,3023.000367912194,1453.2952420030354,2448.347164578475,3023.000367912194,1959.9599790030377
removed_TN_mean,105.61689478274229,7.3338442073118175,152.78026110941028,56.404086715503944,172.93190751501547,43.27908101490815,111.60913704017946,37.01777854125118,169.20580695358638,175.85069012339255,45.317689683505705,129.76311620806004,34.0041127989805,182.41854477433202,16.177457825123714,220.753766169967,53.34951038874812,126.59801484409297,78.20952544638023,235.21016787058267,0.7302993699794086,192.464488748075,46.64617069172579,136.12407783234028,378.2953625416373,218.67865303416892,215.18590818303147,55.09842071204102
removed_TN_min,0.007872084436977738,2.7594068595301597,0.008268134370055195,56.404086715503944,0.007872084436977738,0.00815475570798517,0.001858742262087938,0.5339216726885175,0.11600305513564227,0.020755898524761562,0.001858742262087938,0.00011603176573754797,1.2712607469739714,0.017769810640912608,16.177457825123714,0.03701385837165845,0.00011603176573754797,0.10180753939261748,4.464085363695807,0.9659909767179806,0.7302993699794086,0.10180753939261748,0.13111036692440067,0.0009260482413070048,13.51006030896452,0.03652854045405528,0.0009260482413070048,0.012637163947811704
removed_TN_p25,15.50000538889681,5.184361717296896,32.76157748390935,56.404086715503944,37.914460192248285,9.991950530616935,15.274713546335581,12.145170186704993,31.309432027360053,27.144867655557643,8.967239476183524,12.839914567183172,13.506454237401133,29.541394653495693,16.177457825123714,33.199687644748366,7.248600059835007,14.235168999063973,14.575996104657742,30.697845802566206,0.7302993699794086,32.415895985512385,7.88304395844391,14.385009287512492,20.614139948997806,33.02720715197626,29.859883463167773,7.412312920091078
removed_TN_p50,42.8549735055517,7.609316575063632,88.62900166797058,56.404086715503944,104.10315548059981,22.21534855179327,39.86965298051197,24.98242138203755,88.40546549176662,85.5363765689386,22.69762166971141,43.621069523403136,43.82864354909573,82.00693162525815,16.177457825123714,92.19486365884529,19.7019704193924,39.81496777497061,26.315847389626697,100.25774270508253,0.7302993699794086,82.94816579778589,20.724296866751516,43.616370926114186,23.18807392727464,88.13851379192798,79.86762663432168,22.468055313031144
removed_TN_p75,124.4043460110772,9.621062881202647,176.72886414310247,56.404086715503944,204.7668768376805,45.61195506995771,116.88316891073102,31.579608765385615,205.68367351810136,200.25107631194015,45.850017264689455,121.85738367581789,46.69499520370613,202.46986217910012,16.177457825123714,212.06744575211604,53.55196661812074,122.02851915699043,29.61092054359667,232.88780573369547,0.7302993699794086,220.6628598591206,48.79507804420992,130.37092178298263,380.8692965199141,249.03857393735836,253.53743932201758,53.85316283427595
removed_TN_std,181.08897061348634,4.44311050806175,204.4129801709152,,237.23085999241815,80.17258478221395,215.15244530147086,50.04017837519728,229.77335124271028,299.7861981542112,84.61058961087177,283.61104941232554,25.945089721064647,278.68001556191183,,414.3191291542809,115.11415864529734,273.9121399714285,184.40742696071698,420.08326908761234,,323.33586835744484,83.17880317578152,278.2126658738997,716.6811274239127,353.34154241427035,350.6156659765384,128.11857172208502
removed_TP_count,1000,3,196,1,316,484,1000,8,209,310,473,1000,5,191,1,310,493,1000,11,185,1,307,496,1000,4,186,308,502
removed_TP_max,297.63681938056857,1.081328625720069,100.75981715891002,0.5067677494501297,190.88619986071302,297.63681938056857,195.36913801541564,10.117809895734087,108.1130564255508,177.80646080119945,195.36913801541564,420.85811378795387,2.246901414276935,102.13966994288866,2.4778645014575753,242.12556031597938,420.85811378795387,274.06093009167034,15.523923419108486,220.26453792812845,1.7111467664169753,274.06093009167034,221.1578366938828,386.68050801554483,32.880118026169754,386.68050801554483,366.5300976823242,237.02132661143477
removed_TP_mean,8.409899140252197,0.4541989615227049,6.1628644565755435,0.5067677494501297,10.713460635948914,7.881518142912219,9.16028216834477,3.141780626339443,8.165543806870774,10.768080457224926,8.64787383923538,9.030266053464075,1.198341182921455,6.5301913828063345,2.4778645014575753,11.07580375249651,8.805336238657366,8.692531391269013,4.087055845065667,9.139084023305843,1.7111467664169753,10.646657760492536,7.4326777286775885,11.286965809002805,9.179178955146373,9.373589433350356,14.868747785199075,9.81511382617079
removed_TP_min,0.00011968352122205053,0.07795775887727216,0.00011968352122205053,0.5067677494501297,0.0007640671287037242,0.004931413069320951,5.133595338362688e-05,0.04554389348418407,0.0008124136099781807,0.006258736755680771,5.133595338362688e-05,4.819338431827113e-05,0.11735353359872726,0.0035189562488383364,2.4778645014575753,0.0017710122534479635,4.819338431827113e-05,0.0005084960205747167,0.03889474738572588,0.009134114502387011,1.7111467664169753,0.00668991809541191,0.0005084960205747167,4.298658867145813e-06,0.042595289494758715,0.0012658234674207038,4.298658867145813e-06,0.0019994719023102136
removed_TP_p25,0.8598817113459433,0.14063412942402292,0.7165124357661439,0.5067677494501297,1.08246541963928,0.8509305843816103,0.7504963939864289,0.5007555980025207,0.7184141632235249,1.1210681200795323,0.6916159586323065,0.9800115755244945,0.9033233645322988,0.8220505172195138,2.4778645014575753,1.4338315384505413,0.8637502317976175,0.8899910741089189,0.5185525618671687,1.095493930838525,1.7111467664169753,1.0089148137123112,0.8011486687795425,0.885022750303261,0.4799614032231159,0.9844949309391087,1.1265958478864857,0.7785165047214082
removed_TP_p50,2.7199513951810785,0.20331049997077366,1.9969590231076815,0.5067677494501297,3.3453356824947393,2.7487560426891737,2.6560911746508378,1.1467601362271795,2.458965119242943,3.791014627007195,2.429815865256517,2.8106775516524367,1.2581532241398068,2.4041472224879974,2.4778645014575753,3.7444571719330786,2.61345359906647,2.9461227420774456,2.2540786885447064,3.287572128168607,1.7111467664169753,4.1525262639633125,2.389543099412176,3.0750865295698104,1.89700125246049,2.702465688984711,3.8928430419237747,2.653762685779685
removed_TP_p75,8.059922509348416,0.6423195628454212,6.217404020510213,0.5067677494501297,11.15711479050512,7.080822984139467,8.52984549229866,4.984702721260621,8.04869536307913,11.828596172175935,7.658446283538949,8.628309526216368,1.4659743780595071,6.6249569676795925,2.4778645014575753,9.275381674410246,8.6218706561137,8.871985974548634,3.7118371101199177,9.597506640041109,1.7111467664169753,11.596115263732884,6.727169078886933,9.496081451146424,10.596218804383748,7.319676815306321,12.9804641336192,9.14265426312059
removed_TP_std,18.3435274157708,0.5467147695207598,12.030528248223263,,20.220600259694887,19.09310554854418,19.3256443190084,3.8880800659718893,14.463411984942072,20.872923246312947,20.24441376731491,22.55886908552477,0.7794634977582562,12.34319924891535,,25.231739384212815,23.84981819363296,19.935637164840486,5.634995332570454,19.70567145673889,,22.311436362229824,18.567899004687042,29.640305262861748,15.858794164547007,31.153887675759137,38.923754409970364,21.262523902850173
scenario,1,1,1,1,1,1,2,2,2,2,2,3,3,3,3,3,3,4,4,4,4,4,4,5,5,5,5,5
total_cost_usd,1699595.9161066636,364132.6930677385,471044.5382748592,28421.20418466648,453340.1081834495,382657.37239595014,1977059.0107997037,605102.6757065364,541704.1308271522,423397.94456198823,406854.2597040271,1810939.0869180758,278716.3745644564,545968.4205655777,80394.56239041196,504005.1106978856,401854.618699744,3685075.3651621826,2143682.084854949,509494.3387900556,156168.36911415603,465212.18936777895,410518.38303524343,2111841.2858140483,675105.8496120955,533012.4567695367,465556.5402261032,438166.4392063128
treated_TN_count,1000,3,196,1,316,484,1000,8,209,310,473,1000,5,191,1,310,493,1000,11,185,1,307,496,1000,4,186,308,502
treated_TN_max,10410.323391506392,37.27345572428336,5849.227701984945,612.3893182227131,5665.215205589221,10410.323391506392,14666.569304914041,561.6706557062796,7101.873807940909,7470.907610886256,14666.569304914041,15513.990165274914,205.17801898098546,5172.133006587147,129.7768849401495,14906.069351530163,15513.990165274914,9621.015489475236,2222.190073747197,9621.015489475236,15.059130317591698,6637.7249849986165,7433.6064629943485,26482.404680615182,5332.115201654886,7299.590873030002,8714.39887179916,26482.404680615182
treated_TN_mean,596.8409896877525,29.22548331592073,566.1100601321755,612.3893182227131,637.7842139809273,586.0403729663278,635.6649855729177,168.31094140591318,588.9401662088183,637.6764690782139,662.8970357077822,708.9822340678165,105.69882013958343,627.6022845169332,129.7768849401495,775.0986797226445,706.2298905181024,671.991612408986,329.02525467463835,764.6074986274486,15.059130317591698,657.1068340836405,655.5909075957495,775.9915354409816,1376.8245136038488,736.1412107892215,700.7436999644664,832.1372760771222
treated_TN_min,0.0255308560579527,21.93800604674654,0.0255308560579527,612.3893182227131,0.08619113822644373,0.09434589393442888,0.07296849681665096,7.800607746044686,0.31576906018995166,0.07296849681665096,0.09741349221730725,0.00401268476388798,6.0481838265363566,0.19979640160707537,129.7768849401495,0.09726678192649596,0.00401268476388798,0.2390822015286433,28.498082978587007,2.7324889815214606,15.059130317591698,0.2390822015286433,1.4538367695881365,0.009124277426787999,41.81377698697396,0.1169634626049436,0.009124277426787999,0.23168969675287862
treated_TN_p25,164.89444550265756,25.20149711173942,172.47225028967026,612.3893182227131,176.85551364936495,151.46419945772402,154.75587173887067,35.190924134944666,147.1495146355816,141.212058768703,175.52524068564017,148.53949238272455,45.59140223920892,153.76919194462005,129.7768849401495,163.12467975168948,145.4263580681783,150.32140951324772,89.03235322033707,167.77654105683166,15.059130317591698,146.220825518581,154.47858321113782,159.72130028972867,56.80166473732877,165.45623170595718,140.05302413591454,169.49371417505037
treated_TN_p50,337.9265098993098,28.464988176732298,324.6607197066364,612.3893182227131,362.40756284167304,321.0914651379906,332.0678298837987,83.16281831482544,299.7755519097909,314.7619997370132,357.95073056870274,326.11956963056457,123.01299198506256,353.94230010492964,129.7768849401495,325.83847072627157,329.27366440092374,338.13944109724355,120.63564698922613,351.33865157072415,15.059130317591698,331.3448936641169,339.3192172636656,378.5454687400801,66.68453788676771,425.0755199549968,371.91440762705827,385.4532836841295
treated_TN_p75,717.7830806278021,32.86922195050783,689.105145573786,612.3893182227131,834.2548866110704,677.769527942391,709.8686497654267,187.52424043542806,678.1486111960488,673.6439150883512,742.0269067472892,789.4828101747639,148.6635036661239,849.5677385002406,129.7768849401495,858.3166674525447,739.3400886440726,740.5411701814505,197.8861387307681,706.0962692908739,15.059130317591698,766.4274163640794,739.1419083370296,866.4608045478071,1386.7073867532877,874.0484416811222,889.1230887332531,858.4174093743986
treated_TN_std,858.0011879742898,7.695957955031521,732.6826984214174,,815.5376117395136,931.954016261591,1044.950051880522,210.34275734352167,843.4839493400232,1029.8302868461594,1138.9376492694198,1184.273149013197,79.97656935566066,763.5194852146273,,1282.6587266452325,1256.8204554326865,1020.9431517513789,633.5592220694815,1313.1081762919275,,946.6567178443178,945.2354355193954,1535.8480760814082,2636.8895419666487,1010.8425596827728,1002.2843048977325,1912.8243736590478
treated_TP_count,1000,3,196,1,316,484,1000,8,209,310,473,1000,5,191,1,310,493,1000,11,185,1,307,496,1000,4,186,308,502
treated_TP_max,1329.8348704400173,3.90207316316214,1032.1980510594487,3.3335038226339826,653.6424427665339,1329.8348704400173,982.6071119088673,28.836915496958564,858.8631628827926,555.02676044136,982.6071119088673,2034.4584784715114,7.862641622920596,430.88958675044245,18.21579950269394,929.7738855360375,2034.4584784715114,1412.8833921018654,52.16669307896738,1394.4461382683382,10.300053894876298,992.6124883154098,1412.8833921018654,3557.1874970688887,110.03260706723081,1656.0901676471256,1568.1040955009328,3557.1874970688887
treated_TP_mean,49.331711577889976,1.9368593939978993,47.76357616567726,3.3335038226339826,47.27899212178578,51.695754249851866,52.6256664055367,10.16613576800767,52.045198463234286,52.72922814448867,53.53241039278051,52.10945174134267,4.178212956761616,41.51471614080789,18.21579950269394,51.483376316601536,57.1626520000312,51.655231346140425,16.882341566435333,64.13154336987549,10.300053894876298,49.80838414815682,48.99942757682188,64.61641634892966,32.08673234212059,55.4009477967544,65.54106412237195,67.72279956110418
treated_TP_min,0.0005732355341537483,0.6386648965699342,0.0005732355341537483,3.3335038226339826,0.0021966283019734076,0.031616290531123165,0.0013265437111699971,0.5970758460518435,0.017601432119177154,0.019754444636211937,0.0013265437111699971,0.0015710198485327195,0.5033010734812274,0.08531046214000189,18.21579950269394,0.006069579459676134,0.0015710198485327195,0.012256186692403997,0.6242775705607418,0.05308233781689573,10.300053894876298,0.02686652738165709,0.012256186692403997,6.974225367541837e-05,0.19521438535049493,0.03678057814261943,6.974225367541837e-05,0.01851041623284385
treated_TP_p25,5.958762607700402,0.9542525094157792,5.610423779060305,3.3335038226339826,5.824714989828165,6.576642709846801,5.553449436887633,2.0562194168337533,5.416200895110469,5.308476132484571,6.287037081411276,7.214228671136639,2.8235153528523256,7.849697485836917,18.21579950269394,7.615705392249669,6.81712498696273,7.524162727775682,4.975390347030496,8.518143680943318,10.300053894876298,8.120078963412833,6.973609679645186,7.1880233173463095,1.5621581345642235,8.158560821974513,7.313806690170958,6.760923637664811
treated_TP_p50,17.94779816210596,1.2698401222616242,15.17433647968527,3.3335038226339826,18.43333618017479,18.861240390905607,18.03029952963321,4.56211115093836,18.871802363062404,17.7033851077377,18.342885215246866,18.846098734253275,4.534657703460908,19.774256200512927,18.21579950269394,19.773620564179645,18.092644945032582,20.04350906979026,10.202565912768241,28.962420276611354,10.300053894876298,18.71468275147276,19.35048177777523,20.563874573385558,9.059553957950524,20.17168835203897,20.015207826834917,20.818207428399894
treated_TP_p75,50.721015354810156,2.5859566427118823,42.567446849693425,3.3335038226339826,50.36870721444189,54.07464689804328,52.86192516551124,17.9348941433826,51.49786288681118,53.769791554838775,53.712112523471156,53.02191371183041,5.166949031093024,52.510386356181016,18.21579950269394,47.3827169153768,57.50823138930643,51.278143467174196,23.896913361620214,58.62925175190068,10.300053894876298,52.56015060158961,44.39059666012669,59.241822000376686,39.58412816550689,54.086998186623134,60.0420244823966,60.49391622029332
treated_TP_std,95.57679666572807,1.730937436843481,104.32137600682043,,79.68884662990982,101.64166501332188,97.84316486839587,11.002927060053588,99.48051168995292,88.89104599020432,103.41554365556122,108.43193738479856,2.7395186359131065,60.74220765576058,,99.13049875160533,127.20723340114348,117.15984560841123,17.758262075491423,151.41410683424317,,96.91288986158479,115.1966642891151,172.342032262927,52.447760104994984,140.2844704031302,153.04040984453647,193.75260271417713
wetland_area_ha_count,3.0,3.0,,,,,8.0,8.0,,,,5.0,5.0,,,,,11.0,11.0,,,,,4.0,4.0,,,
wetland_area_ha_max,0.9070034199132164,0.9070034199132164,,,,,1.9399607359735505,1.9399607359735505,,,,1.4720395129519015,1.4720395129519015,,,,,3.8850440372594983,3.8850440372594983,,,,,3.5249124481659395,3.5249124481659395,,,
wetland_area_ha_mean,0.6919004020206273,0.6919004020206273,,,,,0.7925068480654497,0.7925068480654497,,,,0.645064104449151,0.645064104449151,,,,,1.5196092907217376,1.5196092907217376,,,,,1.181800847260133,1.181800847260133,,,
wetland_area_ha_min,0.5551385626614306,0.5551385626614306,,,,,0.11297960832036585,0.11297960832036585,,,,0.18139593459122277,0.18139593459122277,,,,,0.177602769804878,0.177602769804878,,,,,0.2945709941500676,0.2945709941500676,,,
wetland_area_ha_p25,0.5843488930743326,0.5843488930743326,,,,,0.37551971791140576,0.37551971791140576,,,,0.29364203633705954,0.29364203633705954,,,,,0.6668242711071256,0.6668242711071256,,,,,0.3361633087452778,0.3361633087452778,,,
wetland_area_ha_p50,0.6135592234872346,0.6135592234872346,,,,,0.6761796398611358,0.6761796398611358,,,,0.5416310381052217,0.5416310381052217,,,,,0.8032559500386434,0.8032559500386434,,,,,0.4538599733622626,0.4538599733622626,,,
wetland_area_ha_p75,0.7602813217002256,0.7602813217002256,,,,,0.9808508663867614,0.9808508663867614,,,,0.7366120002603492,0.7366120002603492,,,,,2.4633185185278337,2.4633185185278337,,,,,1.299497511877118,1.299497511877118,,,
wetland_area_ha_std,0.18856093082265366,0.18856093082265366,,,,,0.6151886771004543,0.6151886771004543,,,,0.5102581171340238,0.5102581171340238,,,,,1.2187893070954268,1.2187893070954268,,,,,1.5661744282657597,1.5661744282657597,,,
