pid,probability
1,0.000372995
2,0.000372995
3,0.000372995
4,0.000372995
5,0.000372995
6,0.000372995
7,0.000372995
8,0.000372995
9,0.000372995
10,0.000372995
11,0.000372995
12,0.000372995
13,0.000372995
14,0.000372995
15,0.000372995
16,0.000372995
17,0.000372995
18,0.000372995
19,0.000372995
20,0.000372995
21,0.000372995
22,0.000372995
23,0.000372995
24,0.000372995
25,0.000372995
26,0.000372995
27,0.000372995
28,0.000372995
29,0.000372995
30,0.000372995
31,0.000372995
32,0.000372995
33,0.000372995
34,0.000372995
35,0.000372995
36,0.000372995
37,0.000372995
38,0.000372995
39,0.000372995
40,0.000372995
41,0.000372995
42,0.000372995
43,0.000372995
44,0.000372995
45,0.000372995
46,0.000372995
47,0.000372995
48,0.000372995
49,0.000372995
50,0.000372995
51,0.000372995
52,0.000372995
53,0.000372995
54,0.000372995
55,0.000372995
56,0.000372995
57,0.000372995
58,0.000372995
59,0.000372995
60,0.000372995
61,0.000372995
62,0.000372995
63,0.000372995
64,0.000372995
65,0.000372995
66,0.000372995
67,0.000372995
68,0.000372995
69,0.000372995
70,0.000372995
71,0.000372995
72,0.000372995
73,0.000372995
74,0.000372995
75,0.000372995
76,0.000372995
77,0.000372995
78,0.000372995
79,0.000372995
80,0.000372995
81,0.000372995
82,0.000372995
83,0.000372995
84,0.000372995
85,0.000372995
86,0.000372995
87,0.000372995
88,0.000372995
89,0.000372995
90,0.000372995
91,0.000372995
92,0.000372995
93,0.000372995
94,0.000372995
95,0.000372995
96,0.000372995
97,0.000372995
98,0.000372995
99,0.000372995
100,0.000372995
101,0.000372995
102,0.000372995
103,0.000372995
104,0.000372995
105,0.000372995
106,0.000372995
107,0.000372995
108,0.000372995
109,0.000372995
110,0.000372995
111,0.000372995
112,0.000372995
113,0.000372995
114,0.000372995
115,0.000372995
116,0.000372995
117,0.000372995
118,0.000372995
119,0.000372995
120,0.000372995
121,0.000372995
122,0.000372995
123,0.000372995
124,0.000372995
125,0.000372995
126,0.000372995
127,0.000372995
128,0.000372995
129,0.000372995
130,0.000372995
131,0.000372995
132,0.000372995
133,0.000372995
134,0.000372995
135,0.000372995
136,0.000372995
137,0.000372995
138,0.000372995
139,0.000372995
140,0.000372995
141,0.000372995
142,0.000372995
143,0.000372995
144,0.000372995
145,0.000372995
146,0.000372995
147,0.000372995
148,0.000372995
149,0.000372995
150,0.000372995
151,0.000372995
152,0.000372995
153,0.000372995
154,0.000372995
155,0.000372995
156,0.000372995
157,0.000372995
158,0.000372995
159,0.000372995
160,0.000372995
161,0.000372995
162,0.000372995
163,0.000372995
164,0.000372995
165,0.000372995
166,0.000372995
167,0.000372995
168,0.000372995
169,0.000372995
170,0.000372995
171,0.000372995
172,0.000372995
173,0.000372995
174,0.000372995
175,0.000372995
176,0.000372995
177,0.000372995
178,0.000372995
179,0.000372995
180,0.000372995
181,0.000372995
182,0.000372995
183,0.000372995
184,0.000372995
185,0.000372995
186,0.000372995
187,0.000372995
188,0.000372995
189,0.000372995
190,0.000372995
191,0.000372995
192,0.000372995
193,0.000372995
194,0.000372995
195,0.000372995
196,0.000372995
197,0.000372995
198,0.000372995
199,0.000372995
200,0.000372995
201,0.000372995
202,0.000372995
203,0.000372995
204,0.000372995
205,0.000372995
206,0.000372995
207,0.000372995
208,0.000372995
209,0.000372995
210,0.000372995
211,0.000372995
212,0.000372995
213,0.000372995
214,0.000372995
215,0.000372995
216,0.000372995
217,0.000372995
218,0.000372995
219,0.000372995
220,0.000372995
221,0.000372995
222,0.000372995
223,0.000372995
224,0.000372995
225,0.000372995
226,0.000372995
227,0.000372995
228,0.000372995
229,0.000372995
230,0.000372995
231,0.000372995
232,0.000372995
233,0.000372995
234,0.000372995
235,0.000372995
236,0.000372995
237,0.000372995
238,0.000372995
239,0.000372995
240,0.000372995
241,0.000372995
242,0.000372995
243,0.000372995
244,0.000372995
245,0.000372995
246,0.000372995
247,0.000372995
248,0.000372995
249,0.000372995
250,0.000372995
251,0.000372995
252,0.000372995
253,0.000372995
254,0.000372995
255,0.000372995
256,0.000372995
257,0.000372995
258,0.000372995
259,0.000372995
260,0.000372995
261,0.000372995
262,0.000372995
263,0.000372995
264,0.000372995
265,0.000372995
266,0.000372995
267,0.000372995
268,0.000372995
269,0.000372995
270,0.000372995
271,0.000372995
272,0.000372995
273,0.000372995
274,0.000372995
275,0.000372995
276,0.000372995
277,0.000372995
278,0.000372995
279,0.000372995
280,0.000372995
281,0.000372995
282,0.000372995
283,0.000372995
284,0.000372995
285,0.000372995
286,0.000372995
287,0.000372995
288,0.000372995
289,0.000372995
290,0.000372995
291,0.000372995
292,0.000372995
293,0.000372995
294,0.000372995
295,0.000372995
296,0.000372995
297,0.000372995
298,0.000372995
299,0.000372995
300,0.000372995
301,0.000372995
302,0.000372995
303,0.000372995
304,0.000372995
305,0.000372995
306,0.000372995
307,0.000372995
308,0.000372995
309,0.000372995
310,0.000372995
311,0.000372995
312,0.000372995
313,0.000372995
314,0.000372995
315,0.000372995
316,0.000372995
317,0.000372995
318,0.000372995
319,0.000372995
320,0.000372995
321,0.000372995
322,0.000372995
323,0.000372995
324,0.000372995
325,0.000372995
326,0.000372995
327,0.000372995
328,0.000372995
329,0.000372995
330,0.000372995
331,0.000372995
332,0.000372995
333,0.000372995
334,0.000372995
335,0.000372995
336,0.000372995
337,0.000372995
338,0.000372995
339,0.000372995
340,0.000372995
341,0.000372995
342,0.000372995
343,0.000372995
344,0.000372995
345,0.000372995
346,0.000372995
347,0.000372995
348,0.000372995
349,0.000372995
350,0.000372995
351,0.000372995
352,0.000372995
353,0.000372995
354,0.000372995
355,0.000372995
356,0.000372995
357,0.000372995
358,0.000372995
359,0.000372995
360,0.000372995
361,0.000372995
362,0.000372995
363,0.000372995
364,0.000372995
365,0.000372995
366,0.000372995
367,0.000372995
368,0.000372995
369,0.000372995
370,0.000372995
371,0.000372995
372,0.000372995
373,0.000372995
374,0.000372995
375,0.000372995
376,0.000372995
377,0.000372995
378,0.000372995
379,0.000372995
380,0.000372995
381,0.000372995
382,0.000372995
383,0.000372995
384,0.000372995
385,0.000372995
386,0.000372995
387,0.000372995
388,0.000372995
389,0.000372995
390,0.000372995
391,0.000372995
392,0.000372995
393,0.000372995
394,0.000372995
395,0.000372995
396,0.000372995
397,0.000372995
398,0.000372995
399,0.000372995
400,0.000372995
401,0.000372995
402,0.000372995
403,0.000372995
404,0.000372995
405,0.000372995
406,0.000372995
407,0.000372995
408,0.000372995
409,0.000372995
410,0.000372995
411,0.000372995
412,0.000372995
413,0.000372995
414,0.000372995
415,0.000372995
416,0.000372995
417,0.000372995
418,0.000372995
419,0.000372995
420,0.000372995
421,0.000372995
422,0.000372995
423,0.000372995
424,0.000372995
425,0.000372995
426,0.000372995
427,0.000372995
428,0.000372995
429,0.000372995
430,0.000372995
431,0.000372995
432,0.000372995
433,0.000372995
434,0.000372995
435,0.000372995
436,0.000372995
437,0.000372995
438,0.000372995
439,0.000372995
440,0.000372995
441,0.000372995
442,0.000372995
443,0.000372995
444,0.000372995
445,0.000372995
446,0.000372995
447,0.000372995
448,0.000372995
449,0.000372995
450,0.000372995
451,0.000372995
452,0.000372995
453,0.000372995
454,0.000372995
455,0.000372995
456,0.000372995
457,0.000372995
458,0.000372995
459,0.000372995
460,0.000372995
461,0.000372995
462,0.000372995
463,0.000372995
464,0.000372995
465,0.000372995
466,0.000372995
467,0.000372995
468,0.000372995
469,0.000372995
470,0.000372995
471,0.000372995
472,0.000372995
473,0.000372995
474,0.000372995
475,0.000372995
476,0.000372995
477,0.000372995
478,0.000372995
479,0.000372995
480,0.000372995
481,0.000372995
482,0.000372995
483,0.000372995
484,0.000372995
485,0.000372995
486,0.000372995
487,0.000372995
488,0.000372995
489,0.000372995
490,0.000372995
491,0.000372995
492,0.000372995
493,0.000372995
494,0.000372995
495,0.000372995
496,0.000372995
497,0.000372995
498,0.000372995
499,0.000372995
500,0.000372995
501,0.000372995
502,0.000372995
503,0.000372995
504,0.000372995
505,0.000372995
506,0.000372995
507,0.000372995
508,0.000372995
509,0.000372995
510,0.000372995
511,0.000372995
512,0.000372995
513,0.000372995
514,0.000372995
515,0.000372995
516,0.000372995
517,0.000372995
518,0.000372995
519,0.000372995
520,0.000372995
521,0.000372995
522,0.000372995
523,0.000372995
524,0.000372995
525,0.000372995
526,0.000372995
527,0.000372995
528,0.000372995
529,0.000372995
530,0.000372995
531,0.000372995
532,0.000372995
533,0.000372995
534,0.000372995
535,0.000372995
536,0.000372995
537,0.000372995
538,0.000372995
539,0.000372995
540,0.000372995
541,0.000372995
542,0.000372995
543,0.000372995
544,0.000372995
545,0.000372995
546,0.000372995
547,0.000372995
548,0.000372995
549,0.000372995
550,0.000372995
551,0.000372995
552,0.000372995
553,0.000372995
554,0.000372995
555,0.000372995
556,0.000372995
557,0.000372995
558,0.000372995
559,0.000372995
560,0.000372995
561,0.000372995
562,0.000372995
563,0.000372995
564,0.000372995
565,0.000372995
566,0.000372995
567,0.000372995
568,0.000372995
569,0.000372995
570,0.000372995
571,0.000372995
572,0.000372995
573,0.000372995
574,0.000372995
575,0.000372995
576,0.000372995
577,0.000372995
578,0.000372995
579,0.000372995
580,0.000372995
581,0.000372995
582,0.000372995
583,0.000372995
584,0.000372995
585,0.000372995
586,0.000372995
587,0.000372995
588,0.000372995
589,0.000372995
590,0.000372995
591,0.000372995
592,0.000372995
593,0.000372995
594,0.000372995
595,0.000372995
596,0.000372995
597,0.000372995
598,0.000372995
599,0.000372995
600,0.000372995
601,0.000372995
602,0.000372995
603,0.000372995
604,0.000372995
605,0.000372995
606,0.000372995
607,0.000372995
608,0.000372995
609,0.000372995
610,0.000372995
611,0.000372995
612,0.000372995
613,0.000372995
614,0.000372995
615,0.000372995
616,0.000372995
617,0.000372995
618,0.000372995
619,0.000372995
620,0.000372995
621,0.000372995
622,0.000372995
623,0.000372995
624,0.000372995
625,0.000372995
626,0.000372995
627,0.000372995
628,0.000372995
629,0.000372995
630,0.000372995
631,0.000372995
632,0.000372995
633,0.000372995
634,0.000372995
635,0.000372995
636,0.000372995
637,0.000372995
638,0.000372995
639,0.000372995
640,0.000372995
641,0.000372995
642,0.000372995
643,0.000372995
644,0.000372995
645,0.000372995
646,0.000372995
647,0.000372995
648,0.000372995
649,0.000372995
650,0.000372995
651,0.000372995
652,0.000372995
653,0.000372995
654,0.000372995
655,0.000372995
656,0.000372995
657,0.000372995
658,0.000372995
659,0.000372995
660,0.000372995
661,0.000372995
662,0.000372995
663,0.000372995
664,0.000372995
665,0.000372995
666,0.000372995
667,0.000372995
668,0.000372995
669,0.000372995
670,0.000372995
671,0.000372995
672,0.000372995
673,0.000372995
674,0.000372995
675,0.000372995
676,0.000372995
677,0.000372995
678,0.000372995
679,0.000372995
680,0.000372995
681,0.000372995
682,0.000372995
683,0.000372995
684,0.000372995
685,0.000372995
686,0.000372995
687,0.000372995
688,0.000372995
689,0.000372995
690,0.000372995
691,0.000372995
692,0.000372995
693,0.000372995
694,0.000372995
695,0.000372995
696,0.000372995
697,0.000372995
698,0.000372995
699,0.000372995
700,0.000372995
701,0.000372995
702,0.000372995
703,0.000372995
704,0.000372995
705,0.000372995
706,0.000372995
707,0.000372995
708,0.000372995
709,0.000372995
710,0.000372995
711,0.000372995
712,0.000372995
713,0.000372995
714,0.000372995
715,0.000372995
716,0.000372995
717,0.000372995
718,0.000372995
719,0.000372995
720,0.000372995
721,0.000372995
722,0.000372995
723,0.000372995
724,0.000372995
725,0.000372995
726,0.000372995
727,0.000372995
728,0.000372995
729,0.000372995
730,0.000372995
731,0.000372995
732,0.000372995
733,0.000372995
734,0.000372995
735,0.000372995
736,0.000372995
737,0.000372995
738,0.000372995
739,0.000372995
740,0.000372995
741,0.000372995
742,0.000372995
743,0.000372995
744,0.000372995
745,0.000372995
746,0.000372995
747,0.000372995
748,0.000372995
749,0.000372995
750,0.000372995
751,0.000372995
752,0.000372995
753,0.000372995
754,0.000372995
755,0.000372995
756,0.000372995
757,0.000372995
758,0.000372995
759,0.000372995
760,0.000372995
761,0.000372995
762,0.000372995
763,0.000372995
764,0.000372995
765,0.000372995
766,0.000372995
767,0.000372995
768,0.000372995
769,0.000372995
770,0.000372995
771,0.000372995
772,0.000372995
773,0.000372995
774,0.000372995
775,0.000372995
776,0.000372995
777,0.000372995
778,0.000372995
779,0.000372995
780,0.000372995
781,0.000372995
782,0.000372995
783,0.000372995
784,0.000372995
785,0.000372995
786,0.000372995
787,0.000372995
788,0.000372995
789,0.000372995
790,0.000372995
791,0.000372995
792,0.000372995
793,0.000372995
794,0.000372995
795,0.000372995
796,0.000372995
797,0.000372995
798,0.000372995
799,0.000372995
800,0.000372995
801,0.000372995
802,0.000372995
803,0.000372995
804,0.000372995
805,0.000372995
806,0.000372995
807,0.000372995
808,0.000372995
809,0.000372995
810,0.000372995
811,0.000372995
812,0.000372995
813,0.000372995
814,0.000372995
815,0.000372995
816,0.000372995
817,0.000372995
818,0.000372995
819,0.000372995
820,0.000372995
821,0.000372995
822,0.000372995
823,0.000372995
824,0.000372995
825,0.000372995
826,0.000372995
827,0.000372995
828,0.000372995
829,0.000372995
830,0.000372995
831,0.000372995
832,0.000372995
833,0.000372995
834,0.000372995
835,0.000372995
836,0.000372995
837,0.000372995
838,0.000372995
839,0.000372995
840,0.000372995
841,0.000372995
842,0.000372995
843,0.000372995
844,0.000372995
845,0.000372995
846,0.000372995
847,0.000372995
848,0.000372995
849,0.000372995
850,0.000372995
851,0.000372995
852,0.000372995
853,0.000372995
854,0.000372995
855,0.000372995
856,0.000372995
857,0.000372995
858,0.000372995
859,0.000372995
860,0.000372995
861,0.000372995
862,0.000372995
863,0.000372995
864,0.000372995
865,0.000372995
866,0.000372995
867,0.000372995
868,0.000372995
869,0.000372995
870,0.000372995
871,0.000372995
872,0.000372995
873,0.000372995
874,0.000372995
875,0.000372995
876,0.000372995
877,0.000372995
878,0.000372995
879,0.000372995
880,0.000372995
881,0.000372995
882,0.000372995
883,0.000372995
884,0.000372995
885,0.000372995
886,0.000372995
887,0.000372995
888,0.000372995
889,0.000372995
890,0.000372995
891,0.000372995
892,0.000372995
893,0.000372995
894,0.000372995
895,0.000372995
896,0.000372995
897,0.000372995
898,0.000372995
899,0.000372995
900,0.000372995
901,0.000372995
902,0.000372995
903,0.000372995
904,0.000372995
905,0.000372995
906,0.000372995
907,0.000372995
908,0.000372995
909,0.000372995
910,0.000372995
911,0.000372995
912,0.000372995
913,0.000372995
914,0.000372995
915,0.000372995
916,0.000372995
917,0.000372995
918,0.000372995
919,0.000372995
920,0.000372995
921,0.000372995
922,0.000372995
923,0.000372995
924,0.000372995
925,0.000372995
926,0.000372995
927,0.000372995
928,0.000372995
929,0.000372995
930,0.000372995
931,0.000372995
932,0.000372995
933,0.000372995
934,0.000372995
935,0.000372995
936,0.000372995
937,0.000372995
938,0.000372995
939,0.000372995
940,0.000372995
941,0.000372995
942,0.000372995
943,0.000372995
944,0.000372995
945,0.000372995
946,0.000372995
947,0.000372995
948,0.000372995
949,0.000372995
950,0.000372995
951,0.000372995
952,0.000372995
953,0.000372995
954,0.000372995
955,0.000372995
956,0.000372995
957,0.000372995
958,0.000372995
959,0.000372995
960,0.000372995
961,0.000372995
962,0.000372995
963,0.000372995
964,0.000372995
965,0.000372995
966,0.000372995
967,0.000372995
968,0.000372995
969,0.000372995
970,0.000372995
971,0.000372995
972,0.000372995
973,0.000372995
974,0.000372995
975,0.000372995
976,0.000372995
977,0.000372995
978,0.000372995
979,0.000372995
980,0.000372995
981,0.000372995
982,0.000372995
983,0.000372995
984,0.000372995
985,0.000372995
986,0.000372995
987,0.000372995
988,0.000372995
989,0.000372995
990,0.000372995
991,0.000372995
992,0.000372995
993,0.000372995
994,0.000372995
995,0.000372995
996,0.000372995
997,0.000372995
998,0.000372995
999,0.000372995
1000,0.000372995
1001,0.000372995
1002,0.000372995
1003,0.000372995
1004,0.000372995
1005,0.000372995
1006,0.000372995
1007,0.000372995
1008,0.000372995
1009,0.000372995
1010,0.000372995
1011,0.000372995
1012,0.000372995
1013,0.000372995
1014,0.000372995
1015,0.000372995
1016,0.000372995
1017,0.000372995
1018,0.000372995
1019,0.000372995
1020,0.000372995
1021,0.000372995
1022,0.000372995
1023,0.000372995
1024,0.000372995
1025,0.000372995
1026,0.000372995
1027,0.000372995
1028,0.000372995
1029,0.000372995
1030,0.000372995
1031,0.000372995
1032,0.000372995
1033,0.000372995
1034,0.000372995
1035,0.000372995
1036,0.000372995
1037,0.000372995
1038,0.000372995
1039,0.000372995
1040,0.000372995
1041,0.000372995
1042,0.000372995
1043,0.000372995
1044,0.000372995
1045,0.000372995
1046,0.000372995
1047,0.000372995
1048,0.000372995
1049,0.000372995
1050,0.000372995
1051,0.000372995
1052,0.000372995
1053,0.000372995
1054,0.000372995
1055,0.000372995
1056,0.000372995
1057,0.000372995
1058,0.000372995
1059,0.000372995
1060,0.000372995
1061,0.000372995
1062,0.000372995
1063,0.000372995
1064,0.000372995
1065,0.000372995
1066,0.000372995
1067,0.000372995
1068,0.000372995
1069,0.000372995
1070,0.000372995
1071,0.000372995
1072,0.000372995
1073,0.000372995
1074,0.000372995
1075,0.000372995
1076,0.000372995
1077,0.000372995
1078,0.000372995
1079,0.000372995
1080,0.000372995
1081,0.000372995
1082,0.000372995
1083,0.000372995
1084,0.000372995
1085,0.000372995
1086,0.000372995
1087,0.000372995
1088,0.000372995
1089,0.000372995
1090,0.000372995
1091,0.000372995
1092,0.000372995
1093,0.000372995
1094,0.000372995
1095,0.000372995
1096,0.000372995
1097,0.000372995
1098,0.000372995
1099,0.000372995
1100,0.000372995
1101,0.000372995
1102,0.000372995
1103,0.000372995
1104,0.000372995
1105,0.000372995
1106,0.000372995
1107,0.000372995
1108,0.000372995
1109,0.000372995
1110,0.000372995
1111,0.000372995
1112,0.000372995
1113,0.000372995
1114,0.000372995
1115,0.000372995
1116,0.000372995
1117,0.000372995
1118,0.000372995
1119,0.000372995
1120,0.000372995
1121,0.000372995
1122,0.000372995
1123,0.000372995
1124,0.000372995
1125,0.000372995
1126,0.000372995
1127,0.000372995
1128,0.000372995
1129,0.000372995
1130,0.000372995
1131,0.000372995
1132,0.000372995
1133,0.000372995
1134,0.000372995
1135,0.000372995
1136,0.000372995
1137,0.000372995
1138,0.000372995
1139,0.000372995
1140,0.000372995
1141,0.000372995
1142,0.000372995
1143,0.000372995
1144,0.000372995
1145,0.000372995
1146,0.000372995
1147,0.000372995
1148,0.000372995
1149,0.000372995
1150,0.000372995
1151,0.000372995
1152,0.000372995
1153,0.000372995
1154,0.000372995
1155,0.000372995
1156,0.000372995
1157,0.000372995
1158,0.000372995
1159,0.000372995
1160,0.000372995
1161,0.000372995
1162,0.000372995
1163,0.000372995
1164,0.000372995
1165,0.000372995
1166,0.000372995
1167,0.000372995
1168,0.000372995
1169,0.000372995
1170,0.000372995
1171,0.000372995
1172,0.000372995
1173,0.000372995
1174,0.000372995
1175,0.000372995
1176,0.000372995
1177,0.000372995
1178,0.000372995
1179,0.000372995
1180,0.000372995
1181,0.000372995
1182,0.000372995
1183,0.000372995
1184,0.000372995
1185,0.000372995
1186,0.000372995
1187,0.000372995
1188,0.000372995
1189,0.000372995
1190,0.000372995
1191,0.000372995
1192,0.000372995
1193,0.000372995
1194,0.000372995
1195,0.000372995
1196,0.000372995
1197,0.000372995
1198,0.000372995
1199,0.000372995
1200,0.000372995
1201,0.000372995
1202,0.000372995
1203,0.000372995
1204,0.000372995
1205,0.000372995
1206,0.000372995
1207,0.000372995
1208,0.000372995
1209,0.000372995
1210,0.000372995
1211,0.000372995
1212,0.000372995
1213,0.000372995
1214,0.000372995
1215,0.000372995
1216,0.000372995
1217,0.000372995
1218,0.000372995
1219,0.000372995
1220,0.000372995
1221,0.000372995
1222,0.000372995
1223,0.000372995
1224,0.000372995
1225,0.000372995
1226,0.000372995
1227,0.000372995
1228,0.000372995
1229,0.000372995
1230,0.000372995
1231,0.000372995
1232,0.000372995
1233,0.000372995
1234,0.000372995
1235,0.000372995
1236,0.000372995
1237,0.000372995
1238,0.000372995
1239,0.000372995
1240,0.000372995
1241,0.000372995
1242,0.000372995
1243,0.000372995
1244,0.000372995
1245,0.000372995
1246,0.000372995
1247,0.000372995
1248,0.000372995
1249,0.000372995
1250,0.000372995
1251,0.000372995
1252,0.000372995
1253,0.000372995
1254,0.000372995
1255,0.000372995
1256,0.000372995
1257,0.000372995
1258,0.000372995
1259,0.000372995
1260,0.000372995
1261,0.000372995
1262,0.000372995
1263,0.000372995
1264,0.000372995
1265,0.000372995
1266,0.000372995
1267,0.000372995
1268,0.000372995
1269,0.000372995
1270,0.000372995
1271,0.000372995
1272,0.000372995
1273,0.000372995
1274,0.000372995
1275,0.000372995
1276,0.000372995
1277,0.000372995
1278,0.000372995
1279,0.000372995
1280,0.000372995
1281,0.000372995
1282,0.000372995
1283,0.000372995
1284,0.000372995
1285,0.000372995
1286,0.000372995
1287,0.000372995
1288,0.000372995
1289,0.000372995
1290,0.000372995
1291,0.000372995
1292,0.000372995
1293,0.000372995
1294,0.000372995
1295,0.000372995
1296,0.000372995
1297,0.000372995
1298,0.000372995
1299,0.000372995
1300,0.000372995
1301,0.000372995
1302,0.000372995
1303,0.000372995
1304,0.000372995
1305,0.000372995
1306,0.000372995
1307,0.000372995
1308,0.000372995
1309,0.000372995
1310,0.000372995
1311,0.000372995
1312,0.000372995
1313,0.000372995
1314,0.000372995
1315,0.000372995
1316,0.000372995
1317,0.000372995
1318,0.000372995
1319,0.000372995
1320,0.000372995
1321,0.000372995
1322,0.000372995
1323,0.000372995
1324,0.000372995
1325,0.000372995
1326,0.000372995
1327,0.000372995
1328,0.000372995
1329,0.000372995
1330,0.000372995
1331,0.000372995
1332,0.000372995
1333,0.000372995
1334,0.000372995
1335,0.000372995
1336,0.000372995
1337,0.000372995
1338,0.000372995
1339,0.000372995
1340,0.000372995
1341,0.000372995
1342,0.000372995
1343,0.000372995
1344,0.000372995
1345,0.000372995
1346,0.000372995
1347,0.000372995
1348,0.000372995
1349,0.000372995
1350,0.000372995
1351,0.000372995
1352,0.000372995
1353,0.000372995
1354,0.000372995
1355,0.000372995
1356,0.000372995
1357,0.000372995
1358,0.000372995
1359,0.000372995
1360,0.000372995
1361,0.000372995
1362,0.000372995
1363,0.000372995
1364,0.000372995
1365,0.000372995
1366,0.000372995
1367,0.000372995
1368,0.000372995
1369,0.000372995
1370,0.000372995
1371,0.000372995
1372,0.000372995
1373,0.000372995
1374,0.000372995
1375,0.000372995
1376,0.000372995
1377,0.000372995
1378,0.000372995
1379,0.000372995
1380,0.000372995
1381,0.000372995
1382,0.000372995
1383,0.000372995
1384,0.000372995
1385,0.000372995
1386,0.000372995
1387,0.000372995
1388,0.000372995
1389,0.000372995
1390,0.000372995
1391,0.000372995
1392,0.000372995
1393,0.000372995
1394,0.000372995
1395,0.000372995
1396,0.000372995
1397,0.000372995
1398,0.000372995
1399,0.000372995
1400,0.000372995
1401,0.000372995
1402,0.000372995
1403,0.000372995
1404,0.000372995
1405,0.000372995
1406,0.000372995
1407,0.000372995
1408,0.000372995
1409,0.000372995
1410,0.000372995
1411,0.000372995
1412,0.000372995
1413,0.000372995
1414,0.000372995
1415,0.000372995
1416,0.000372995
1417,0.000372995
1418,0.000372995
1419,0.000372995
1420,0.000372995
1421,0.000372995
1422,0.000372995
1423,0.000372995
1424,0.000372995
1425,0.000372995
1426,0.000372995
1427,0.000372995
1428,0.000372995
1429,0.000372995
1430,0.000372995
1431,0.000372995
1432,0.000372995
1433,0.000372995
1434,0.000372995
1435,0.000372995
1436,0.000372995
1437,0.000372995
1438,0.000372995
1439,0.000372995
1440,0.000372995
1441,0.000372995
1442,0.000372995
1443,0.000372995
1444,0.000372995
1445,0.000372995
1446,0.000372995
1447,0.000372995
1448,0.000372995
1449,0.000372995
1450,0.000372995
1451,0.000372995
1452,0.000372995
1453,0.000372995
1454,0.000372995
1455,0.000372995
1456,0.000372995
1457,0.000372995
1458,0.000372995
1459,0.000372995
1460,0.000372995
1461,0.000372995
1462,0.000372995
1463,0.000372995
1464,0.000372995
1465,0.000372995
1466,0.000372995
1467,0.000372995
1468,0.000372995
1469,0.000372995
1470,0.000372995
1471,0.000372995
1472,0.000372995
1473,0.000372995
1474,0.000372995
1475,0.000372995
1476,0.000372995
1477,0.000372995
1478,0.000372995
1479,0.000372995
1480,0.000372995
1481,0.000372995
1482,0.000372995
1483,0.000372995
1484,0.000372995
1485,0.000372995
1486,0.000372995
1487,0.000372995
1488,0.000372995
1489,0.000372995
1490,0.000372995
1491,0.000372995
1492,0.000372995
1493,0.000372995
1494,0.000372995
1495,0.000372995
1496,0.000372995
1497,0.000372995
1498,0.000372995
1499,0.000372995
1500,0.000372995
1501,0.000372995
1502,0.000372995
1503,0.000372995
1504,0.000372995
1505,0.000372995
1506,0.000372995
1507,0.000372995
1508,0.000372995
1509,0.000372995
1510,0.000372995
1511,0.000372995
1512,0.000372995
1513,0.000372995
1514,0.000372995
1515,0.000372995
1516,0.000372995
1517,0.000372995
1518,0.000372995
1519,0.000372995
1520,0.000372995
1521,0.000372995
1522,0.000372995
1523,0.000372995
1524,0.000372995
1525,0.000372995
1526,0.000372995
1527,0.000372995
1528,0.000372995
1529,0.000372995
1530,0.000372995
1531,0.000372995
1532,0.000372995
1533,0.000372995
1534,0.000372995
1535,0.000372995
1536,0.000372995
1537,0.000372995
1538,0.000372995
1539,0.000372995
1540,0.000372995
1541,0.000372995
1542,0.000372995
1543,0.000372995
1544,0.000372995
1545,0.000372995
1546,0.000372995
1547,0.000372995
1548,0.000372995
1549,0.000372995
1550,0.000372995
1551,0.000372995
1552,0.000372995
1553,0.000372995
1554,0.000372995
1555,0.000372995
1556,0.000372995
1557,0.000372995
1558,0.000372995
1559,0.000372995
1560,0.000372995
1561,0.000372995
1562,0.000372995
1563,0.000372995
1564,0.000372995
1565,0.000372995
1566,0.000372995
1567,0.000372995
1568,0.000372995
1569,0.000372995
1570,0.000372995
1571,0.000372995
1572,0.000372995
1573,0.000372995
1574,0.000372995
1575,0.000372995
1576,0.000372995
1577,0.000372995
1578,0.000372995
1579,0.000372995
1580,0.000372995
1581,0.000372995
1582,0.000372995
1583,0.000372995
1584,0.000372995
1585,0.000372995
1586,0.000372995
1587,0.000372995
1588,0.000372995
1589,0.000372995
1590,0.000372995
1591,0.000372995
1592,0.000372995
1593,0.000372995
1594,0.000372995
1595,0.000372995
1596,0.000372995
1597,0.000372995
1598,0.000372995
1599,0.000372995
1600,0.000372995
1601,0.000372995
1602,0.000372995
1603,0.000372995
1604,0.000372995
1605,0.000372995
1606,0.000372995
1607,0.000372995
1608,0.000372995
1609,0.000372995
1610,0.000372995
1611,0.000372995
1612,0.000372995
1613,0.000372995
1614,0.000372995
1615,0.000372995
1616,0.000372995
1617,0.000372995
1618,0.000372995
1619,0.000372995
1620,0.000372995
1621,0.000372995
1622,0.000372995
1623,0.000372995
1624,0.000372995
1625,0.000372995
1626,0.000372995
1627,0.000372995
1628,0.000372995
1629,0.000372995
1630,0.000372995
1631,0.000372995
1632,0.000372995
1633,0.000372995
1634,0.000372995
1635,0.000372995
1636,0.000372995
1637,0.000372995
1638,0.000372995
1639,0.000372995
1640,0.000372995
1641,0.000372995
1642,0.000372995
1643,0.000372995
1644,0.000372995
1645,0.000372995
1646,0.000372995
1647,0.000372995
1648,0.000372995
1649,0.000372995
1650,0.000372995
1651,0.000372995
1652,0.000372995
1653,0.000372995
1654,0.000372995
1655,0.000372995
1656,0.000372995
1657,0.000372995
1658,0.000372995
1659,0.000372995
1660,0.000372995
1661,0.000372995
1662,0.000372995
1663,0.000372995
1664,0.000372995
1665,0.000372995
1666,0.000372995
1667,0.000372995
1668,0.000372995
1669,0.000372995
1670,0.000372995
1671,0.000372995
1672,0.000372995
1673,0.000372995
1674,0.000372995
1675,0.000372995
1676,0.000372995
1677,0.000372995
1678,0.000372995
1679,0.000372995
1680,0.000372995
1681,0.000372995
1682,0.000372995
1683,0.000372995
1684,0.000372995
1685,0.000372995
1686,0.000372995
1687,0.000372995
1688,0.000372995
1689,0.000372995
1690,0.000372995
1691,0.000372995
1692,0.000372995
1693,0.000372995
1694,0.000372995
1695,0.000372995
1696,0.000372995
1697,0.000372995
1698,0.000372995
1699,0.000372995
1700,0.000372995
1701,0.000372995
1702,0.000372995
1703,0.000372995
1704,0.000372995
1705,0.000372995
1706,0.000372995
1707,0.000372995
1708,0.000372995
1709,0.000372995
1710,0.000372995
1711,0.000372995
1712,0.000372995
1713,0.000372995
1714,0.000372995
1715,0.000372995
1716,0.000372995
1717,0.000372995
1718,0.000372995
1719,0.000372995
1720,0.000372995
1721,0.000372995
1722,0.000372995
1723,0.000372995
1724,0.000372995
1725,0.000372995
1726,0.000372995
1727,0.000372995
1728,0.000372995
1729,0.000372995
1730,0.000372995
1731,0.000372995
1732,0.000372995
1733,0.000372995
1734,0.000372995
1735,0.000372995
1736,0.000372995
1737,0.000372995
1738,0.000372995
1739,0.000372995
1740,0.000372995
1741,0.000372995
1742,0.000372995
1743,0.000372995
1744,0.000372995
1745,0.000372995
1746,0.000372995
1747,0.000372995
1748,0.000372995
1749,0.000372995
1750,0.000372995
1751,0.000372995
1752,0.000372995
1753,0.000372995
1754,0.000372995
1755,0.000372995
1756,0.000372995
1757,0.000372995
1758,0.000372995
1759,0.000372995
1760,0.000372995
1761,0.000372995
1762,0.000372995
1763,0.000372995
1764,0.000372995
1765,0.000372995
1766,0.000372995
1767,0.000372995
1768,0.000372995
1769,0.000372995
1770,0.000372995
1771,0.000372995
1772,0.000372995
1773,0.000372995
1774,0.000372995
1775,0.000372995
1776,0.000372995
1777,0.000372995
1778,0.000372995
1779,0.000372995
1780,0.000372995
1781,0.000372995
1782,0.000372995
1783,0.000372995
1784,0.000372995
1785,0.000372995
1786,0.000372995
1787,0.000372995
1788,0.000372995
1789,0.000372995
1790,0.000372995
1791,0.000372995
1792,0.000372995
1793,0.000372995
1794,0.000372995
1795,0.000372995
1796,0.000372995
1797,0.000372995
1798,0.000372995
1799,0.000372995
1800,0.000372995
1801,0.000372995
1802,0.000372995
1803,0.000372995
1804,0.000372995
1805,0.000372995
1806,0.000372995
1807,0.000372995
1808,0.000372995
1809,0.000372995
1810,0.000372995
1811,0.000372995
1812,0.000372995
1813,0.000372995
1814,0.000372995
1815,0.000372995
1816,0.000372995
1817,0.000372995
1818,0.000372995
1819,0.000372995
1820,0.000372995
1821,0.000372995
1822,0.000372995
1823,0.000372995
1824,0.000372995
1825,0.000372995
1826,0.000372995
1827,0.000372995
1828,0.000372995
1829,0.000372995
1830,0.000372995
1831,0.000372995
1832,0.000372995
1833,0.000372995
1834,0.000372995
1835,0.000372995
1836,0.000372995
1837,0.000372995
1838,0.000372995
1839,0.000372995
1840,0.000372995
1841,0.000372995
1842,0.000372995
1843,0.000372995
1844,0.000372995
1845,0.000372995
1846,0.000372995
1847,0.000372995
1848,0.000372995
1849,0.000372995
1850,0.000372995
1851,0.000372995
1852,0.000372995
1853,0.000372995
1854,0.000372995
1855,0.000372995
1856,0.000372995
1857,0.000372995
1858,0.000372995
1859,0.000372995
1860,0.000372995
1861,0.000372995
1862,0.000372995
1863,0.000372995
1864,0.000372995
1865,0.000372995
1866,0.000372995
1867,0.000372995
1868,0.000372995
1869,0.000372995
1870,0.000372995
1871,0.000372995
1872,0.000372995
1873,0.000372995
1874,0.000372995
1875,0.000372995
1876,0.000372995
1877,0.000372995
1878,0.000372995
1879,0.000372995
1880,0.000372995
1881,0.000372995
1882,0.000372995
1883,0.000372995
1884,0.000372995
1885,0.000372995
1886,0.000372995
1887,0.000372995
1888,0.000372995
1889,0.000372995
1890,0.000372995
1891,0.000372995
1892,0.000372995
1893,0.000372995
1894,0.000372995
1895,0.000372995
1896,0.000372995
1897,0.000372995
1898,0.000372995
1899,0.000372995
1900,0.000372995
1901,0.000372995
1902,0.000372995
1903,0.000372995
1904,0.000372995
1905,0.000372995
1906,0.000372995
1907,0.000372995
1908,0.000372995
1909,0.000372995
1910,0.000372995
1911,0.000372995
1912,0.000372995
1913,0.000372995
1914,0.000372995
1915,0.000372995
1916,0.000372995
1917,0.000372995
1918,0.000372995
1919,0.000372995
1920,0.000372995
1921,0.000372995
1922,0.000372995
1923,0.000372995
1924,0.000372995
1925,0.000372995
1926,0.000372995
1927,0.000372995
1928,0.000372995
1929,0.000372995
1930,0.000372995
1931,0.000372995
1932,0.000372995
1933,0.000372995
1934,0.000372995
1935,0.000372995
1936,0.000372995
1937,0.000372995
1938,0.000372995
1939,0.000372995
1940,0.000372995
1941,0.000372995
1942,0.000372995
1943,0.000372995
1944,0.000372995
1945,0.000372995
1946,0.000372995
1947,0.000372995
1948,0.000372995
1949,0.000372995
1950,0.000372995
1951,0.000372995
1952,0.000372995
1953,0.000372995
1954,0.000372995
1955,0.000372995
1956,0.000372995
1957,0.000372995
1958,0.000372995
1959,0.000372995
1960,0.000372995
1961,0.000372995
1962,0.000372995
1963,0.000372995
1964,0.000372995
1965,0.000372995
1966,0.000372995
1967,0.000372995
1968,0.000372995
1969,0.000372995
1970,0.000372995
1971,0.000372995
1972,0.000372995
1973,0.000372995
1974,0.000372995
1975,0.000372995
1976,0.000372995
1977,0.000372995
1978,0.000372995
1979,0.000372995
1980,0.000372995
1981,0.000372995
1982,0.000372995
1983,0.000372995
1984,0.000372995
1985,0.000372995
1986,0.000372995
1987,0.000372995
1988,0.000372995
1989,0.000372995
1990,0.000372995
1991,0.000372995
1992,0.000372995
1993,0.000372995
1994,0.000372995
1995,0.000372995
1996,0.000372995
1997,0.000372995
1998,0.000372995
1999,0.000372995
2000,0.000372995
2001,0.000372995
2002,0.000372995
2003,0.000372995
2004,0.000372995
2005,0.000372995
2006,0.000372995
2007,0.000372995
2008,0.000372995
2009,0.000372995
2010,0.000372995
2011,0.000372995
2012,0.000372995
2013,0.000372995
2014,0.000372995
2015,0.000372995
2016,0.000372995
2017,0.000372995
2018,0.000372995
2019,0.000372995
2020,0.000372995
2021,0.000372995
2022,0.000372995
2023,0.000372995
2024,0.000372995
2025,0.000372995
2026,0.000372995
2027,0.000372995
2028,0.000372995
2029,0.000372995
2030,0.000372995
2031,0.000372995
2032,0.000372995
2033,0.000372995
2034,0.000372995
2035,0.000372995
2036,0.000372995
2037,0.000372995
2038,0.000372995
2039,0.000372995
2040,0.000372995
2041,0.000372995
2042,0.000372995
2043,0.000372995
2044,0.000372995
2045,0.000372995
2046,0.000372995
2047,0.000372995
2048,0.000372995
2049,0.000372995
2050,0.000372995
2051,0.000372995
2052,0.000372995
2053,0.000372995
2054,0.000372995
2055,0.000372995
2056,0.000372995
2057,0.000372995
2058,0.000372995
2059,0.000372995
2060,0.000372995
2061,0.000372995
2062,0.000372995
2063,0.000372995
2064,0.000372995
2065,0.000372995
2066,0.000372995
2067,0.000372995
2068,0.000372995
2069,0.000372995
2070,0.000372995
2071,0.000372995
2072,0.000372995
2073,0.000372995
2074,0.000372995
2075,0.000372995
2076,0.000372995
2077,0.000372995
2078,0.000372995
2079,0.000372995
2080,0.000372995
2081,0.000372995
2082,0.000372995
2083,0.000372995
2084,0.000372995
2085,0.000372995
2086,0.000372995
2087,0.000372995
2088,0.000372995
2089,0.000372995
2090,0.000372995
2091,0.000372995
2092,0.000372995
2093,0.000372995
2094,0.000372995
2095,0.000372995
2096,0.000372995
2097,0.000372995
2098,0.000372995
2099,0.000372995
2100,0.000372995
2101,0.000372995
2102,0.000372995
2103,0.000372995
2104,0.000372995
2105,0.000372995
2106,0.000372995
2107,0.000372995
2108,0.000372995
2109,0.000372995
2110,0.000372995
2111,0.000372995
2112,0.000372995
2113,0.000372995
2114,0.000372995
2115,0.000372995
2116,0.000372995
2117,0.000372995
2118,0.000372995
2119,0.000372995
2120,0.000372995
2121,0.000372995
2122,0.000372995
2123,0.000372995
2124,0.000372995
2125,0.000372995
2126,0.000372995
2127,0.000372995
2128,0.000372995
2129,0.000372995
2130,0.000372995
2131,0.000372995
2132,0.000372995
2133,0.000372995
2134,0.000372995
2135,0.000372995
2136,0.000372995
2137,0.000372995
2138,0.000372995
2139,0.000372995
2140,0.000372995
2141,0.000372995
2142,0.000372995
2143,0.000372995
2144,0.000372995
2145,0.000372995
2146,0.000372995
2147,0.000372995
2148,0.000372995
2149,0.000372995
2150,0.000372995
2151,0.000372995
2152,0.000372995
2153,0.000372995
2154,0.000372995
2155,0.000372995
2156,0.000372995
2157,0.000372995
2158,0.000372995
2159,0.000372995
2160,0.000372995
2161,0.000372995
2162,0.000372995
2163,0.000372995
2164,0.000372995
2165,0.000372995
2166,0.000372995
2167,0.000372995
2168,0.000372995
2169,0.000372995
2170,0.000372995
2171,0.000372995
2172,0.000372995
2173,0.000372995
2174,0.000372995
2175,0.000372995
2176,0.000372995
2177,0.000372995
2178,0.000372995
2179,0.000372995
2180,0.000372995
2181,0.000372995
2182,0.000372995
2183,0.000372995
2184,0.000372995
2185,0.000372995
2186,0.000372995
2187,0.000372995
2188,0.000372995
2189,0.000372995
2190,0.000372995
2191,0.000372995
2192,0.000372995
2193,0.000372995
2194,0.000372995
2195,0.000372995
2196,0.000372995
2197,0.000372995
2198,0.000372995
2199,0.000372995
2200,0.000372995
2201,0.000372995
2202,0.000372995
2203,0.000372995
2204,0.000372995
2205,0.000372995
2206,0.000372995
2207,0.000372995
2208,0.000372995
2209,0.000372995
2210,0.000372995
2211,0.000372995
2212,0.000372995
2213,0.000372995
2214,0.000372995
2215,0.000372995
2216,0.000372995
2217,0.000372995
2218,0.000372995
2219,0.000372995
2220,0.000372995
2221,0.000372995
2222,0.000372995
2223,0.000372995
2224,0.000372995
2225,0.000372995
2226,0.000372995
2227,0.000372995
2228,0.000372995
2229,0.000372995
2230,0.000372995
2231,0.000372995
2232,0.000372995
2233,0.000372995
2234,0.000372995
2235,0.000372995
2236,0.000372995
2237,0.000372995
2238,0.000372995
2239,0.000372995
2240,0.000372995
2241,0.000372995
2242,0.000372995
2243,0.000372995
2244,0.000372995
2245,0.000372995
2246,0.000372995
2247,0.000372995
2248,0.000372995
2249,0.000372995
2250,0.000372995
2251,0.000372995
2252,0.000372995
2253,0.000372995
2254,0.000372995
2255,0.000372995
2256,0.000372995
2257,0.000372995
2258,0.000372995
2259,0.000372995
2260,0.000372995
2261,0.000372995
2262,0.000372995
2263,0.000372995
2264,0.000372995
2265,0.000372995
2266,0.000372995
2267,0.000372995
2268,0.000372995
2269,0.000372995
2270,0.000372995
2271,0.000372995
2272,0.000372995
2273,0.000372995
2274,0.000372995
2275,0.000372995
2276,0.000372995
2277,0.000372995
2278,0.000372995
2279,0.000372995
2280,0.000372995
2281,0.000372995
2282,0.000372995
2283,0.000372995
2284,0.000372995
2285,0.000372995
2286,0.000372995
2287,0.000372995
2288,0.000372995
2289,0.000372995
2290,0.000372995
2291,0.000372995
2292,0.000372995
2293,0.000372995
2294,0.000372995
2295,0.000372995
2296,0.000372995
2297,0.000372995
2298,0.000372995
2299,0.000372995
2300,0.000372995
2301,0.000372995
2302,0.000372995
2303,0.000372995
2304,0.000372995
2305,0.000372995
2306,0.000372995
2307,0.000372995
2308,0.000372995
2309,0.000372995
2310,0.000372995
2311,0.000372995
2312,0.000372995
2313,0.000372995
2314,0.000372995
2315,0.000372995
2316,0.000372995
2317,0.000372995
2318,0.000372995
2319,0.000372995
2320,0.000372995
2321,0.000372995
2322,0.000372995
2323,0.000372995
2324,0.000372995
2325,0.000372995
2326,0.000372995
2327,0.000372995
2328,0.000372995
2329,0.000372995
2330,0.000372995
2331,0.000372995
2332,0.000372995
2333,0.000372995
2334,0.000372995
2335,0.000372995
2336,0.000372995
2337,0.000372995
2338,0.000372995
2339,0.000372995
2340,0.000372995
2341,0.000372995
2342,0.000372995
2343,0.000372995
2344,0.000372995
2345,0.000372995
2346,0.000372995
2347,0.000372995
2348,0.000372995
2349,0.000372995
2350,0.000372995
2351,0.000372995
2352,0.000372995
2353,0.000372995
2354,0.000372995
2355,0.000372995
2356,0.000372995
2357,0.000372995
2358,0.000372995
2359,0.000372995
2360,0.000372995
2361,0.000372995
2362,0.000372995
2363,0.000372995
2364,0.000372995
2365,0.000372995
2366,0.000372995
2367,0.000372995
2368,0.000372995
2369,0.000372995
2370,0.000372995
2371,0.000372995
2372,0.000372995
2373,0.000372995
2374,0.000372995
2375,0.000372995
2376,0.000372995
2377,0.000372995
2378,0.000372995
2379,0.000372995
2380,0.000372995
2381,0.000372995
2382,0.000372995
2383,0.000372995
2384,0.000372995
2385,0.000372995
2386,0.000372995
2387,0.000372995
2388,0.000372995
2389,0.000372995
2390,0.000372995
2391,0.000372995
2392,0.000372995
2393,0.000372995
2394,0.000372995
2395,0.000372995
2396,0.000372995
2397,0.000372995
2398,0.000372995
2399,0.000372995
2400,0.000372995
2401,0.000372995
2402,0.000372995
2403,0.000372995
2404,0.000372995
2405,0.000372995
2406,0.000372995
2407,0.000372995
2408,0.000372995
2409,0.000372995
2410,0.000372995
2411,0.000372995
2412,0.000372995
2413,0.000372995
2414,0.000372995
2415,0.000372995
2416,0.000372995
2417,0.000372995
2418,0.000372995
2419,0.000372995
2420,0.000372995
2421,0.000372995
2422,0.000372995
2423,0.000372995
2424,0.000372995
2425,0.000372995
2426,0.000372995
2427,0.000372995
2428,0.000372995
2429,0.000372995
2430,0.000372995
2431,0.000372995
2432,0.000372995
2433,0.000372995
2434,0.000372995
2435,0.000372995
2436,0.000372995
2437,0.000372995
2438,0.000372995
2439,0.000372995
2440,0.000372995
2441,0.000372995
2442,0.000372995
2443,0.000372995
2444,0.000372995
2445,0.000372995
2446,0.000372995
2447,0.000372995
2448,0.000372995
2449,0.000372995
2450,0.000372995
2451,0.000372995
2452,0.000372995
2453,0.000372995
2454,0.000372995
2455,0.000372995
2456,0.000372995
2457,0.000372995
2458,0.000372995
2459,0.000372995
2460,0.000372995
2461,0.000372995
2462,0.000372995
2463,0.000372995
2464,0.000372995
2465,0.000372995
2466,0.000372995
2467,0.000372995
2468,0.000372995
2469,0.000372995
2470,0.000372995
2471,0.000372995
2472,0.000372995
2473,0.000372995
2474,0.000372995
2475,0.000372995
2476,0.000372995
2477,0.000372995
2478,0.000372995
2479,0.000372995
2480,0.000372995
2481,0.000372995
2482,0.000372995
2483,0.000372995
2484,0.000372995
2485,0.000372995
2486,0.000372995
2487,0.000372995
2488,0.000372995
2489,0.000372995
2490,0.000372995
2491,0.000372995
2492,0.000372995
2493,0.000372995
2494,0.000372995
2495,0.000372995
2496,0.000372995
2497,0.000372995
2498,0.000372995
2499,0.000372995
2500,0.000372995
2501,0.000372995
2502,0.000372995
2503,0.000372995
2504,0.000372995
2505,0.000372995
2506,0.000372995
2507,0.000372995
2508,0.000372995
2509,0.000372995
2510,0.000372995
2511,0.000372995
2512,0.000372995
2513,0.000372995
2514,0.000372995
2515,0.000372995
2516,0.000372995
2517,0.000372995
2518,0.000372995
2519,0.000372995
2520,0.000372995
2521,0.000372995
2522,0.000372995
2523,0.000372995
2524,0.000372995
2525,0.000372995
2526,0.000372995
2527,0.000372995
2528,0.000372995
2529,0.000372995
2530,0.000372995
2531,0.000372995
2532,0.000372995
2533,0.000372995
2534,0.000372995
2535,0.000372995
2536,0.000372995
2537,0.000372995
2538,0.000372995
2539,0.000372995
2540,0.000372995
2541,0.000372995
2542,0.000372995
2543,0.000372995
2544,0.000372995
2545,0.000372995
2546,0.000372995
2547,0.000372995
2548,0.000372995
2549,0.000372995
2550,0.000372995
2551,0.000372995
2552,0.000372995
2553,0.000372995
2554,0.000372995
2555,0.000372995
2556,0.000372995
2557,0.000372995
2558,0.000372995
2559,0.000372995
2560,0.000372995
2561,0.000372995
2562,0.000372995
2563,0.000372995
2564,0.000372995
2565,0.000372995
2566,0.000372995
2567,0.000372995
2568,0.000372995
2569,0.000372995
2570,0.000372995
2571,0.000372995
2572,0.000372995
2573,0.000372995
2574,0.000372995
2575,0.000372995
2576,0.000372995
2577,0.000372995
2578,0.000372995
2579,0.000372995
2580,0.000372995
2581,0.000372995
2582,0.000372995
2583,0.000372995
2584,0.000372995
2585,0.000372995
2586,0.000372995
2587,0.000372995
2588,0.000372995
2589,0.000372995
2590,0.000372995
2591,0.000372995
2592,0.000372995
2593,0.000372995
2594,0.000372995
2595,0.000372995
2596,0.000372995
2597,0.000372995
2598,0.000372995
2599,0.000372995
2600,0.000372995
2601,0.000372995
2602,0.000372995
2603,0.000372995
2604,0.000372995
2605,0.000372995
2606,0.000372995
2607,0.000372995
2608,0.000372995
2609,0.000372995
2610,0.000372995
2611,0.000372995
2612,0.000372995
2613,0.000372995
2614,0.000372995
2615,0.000372995
2616,0.000372995
2617,0.000372995
2618,0.000372995
2619,0.000372995
2620,0.000372995
2621,0.000372995
2622,0.000372995
2623,0.000372995
2624,0.000372995
2625,0.000372995
2626,0.000372995
2627,0.000372995
2628,0.000372995
2629,0.000372995
2630,0.000372995
2631,0.000372995
2632,0.000372995
2633,0.000372995
2634,0.000372995
2635,0.000372995
2636,0.000372995
2637,0.000372995
2638,0.000372995
2639,0.000372995
2640,0.000372995
2641,0.000372995
2642,0.000372995
2643,0.000372995
2644,0.000372995
2645,0.000372995
2646,0.000372995
2647,0.000372995
2648,0.000372995
2649,0.000372995
2650,0.000372995
2651,0.000372995
2652,0.000372995
2653,0.000372995
2654,0.000372995
2655,0.000372995
2656,0.000372995
2657,0.000372995
2658,0.000372995
2659,0.000372995
2660,0.000372995
2661,0.000372995
2662,0.000372995
2663,0.000372995
2664,0.000372995
2665,0.000372995
2666,0.000372995
2667,0.000372995
2668,0.000372995
2669,0.000372995
2670,0.000372995
2671,0.000372995
2672,0.000372995
2673,0.000372995
2674,0.000372995
2675,0.000372995
2676,0.000372995
2677,0.000372995
2678,0.000372995
2679,0.000372995
2680,0.000372995
2681,0.000372995
